"MC CPM-Computer Mon80V2"       			    Z80ASM 1.32 Page   1
MON80V2 Z80

    2                   	
    3                   	.Z80
    4                   ;---------------------------------------------------------------
    5                   ; Monitor fuer MC-Computer Platine SYS-80 und SYS-80s
    6                   ; Assembliert mit Z80ASM von SLR Systems wegen der langen
    7                   ; Label die mit einigen anderen Assemblern nicht moeglich sind.
    8                   ;
    9                   ; Erstellt 05/2026 von U. Haumann
   10                   ; Enthaelt weitgehend Routinen aus RDK Monitor 1.1 850129
   11                   ; V7.2 851216, sowie Teile aus dem Monitor von Donn Stewart 
   12                   ; fuer den "CPU-Ville" Z80 Computer.
   13                   ; Treiber fuer Serielle Schnittstelle auf CPU-Platine mit UART 8251
   14                   ; implementiert.
   15                   ; Flo1 und Flo2 waehlber auf Hardware Basis Adresse 0C0h.
   16                   ; Der Mointor erwartet 64KB Ram Memory. Er darf selbst nicht
   17                   ; groesser als 4KB werden, es sein denn man schiebt die MON_ADR
   18                   ; und CCP weiter nach unten. Der CPM Bereich verkleinert sich dann.
   19                   ; Der Monitor kopiert sich nach Reset an das Speicherende
   20                   ; auf den Wert in MON_ADR und gibt den unteren RAM Bereich frei.
   21                   ; Dies wird auf der SYS CPU Platine mit einem Lesebefehl auf
   22                   ; Adresse 7000h erreicht. Das Eprom ist dann ausgeblendet.
   23                   ; Somit steht der Speicher durchgaengig ab 0000h bis zu MON_ADR
   24                   ; zur Verfuehgung.
   25                   ; Das CPM BIOS fuer den MC-Computer ueberschreibt den Monitorbereich
   26                   ; ab FC00h. Alle relevanten Teile f|r den Betrieb des Rechners 
   27                   ; muessen vor FC00h plaziert werden.
   28                   
   29                   ; 06/2026 Ueberarbeitet von Detlef Gerhardt
   30                   ; komplette Ueberarbeitung der Labels und sukzessive Kommentierung des Quellcodes.
   31                   ; um nach und nach moeglichst viele Routinen zu verstehen.
   32                   ; Diese Version ist bis auf die Versionsnummer noch binaerkompatibel zu Version 8.0v1
   33                   ; --- Work in progress ---
   34                   
   35                   ;------------------------------------------------------------------------------
   36                   
   37         000D      CR 	EQU 0DH
   38         000A      LF 	EQU 0AH
   39         0007      BELL	EQU 7
   40         00FF      RUB 	EQU 0FFH
   41         0000      FIL 	EQU 0
   42         0007      MAX	EQU 7
   43         001B      ESC	EQU 1BH
   44                   
   45         0038      RST7	EQU 38H		; der Vektor RST7 wird fuer Breakpoints gebraucht
   46                   
   47                   	; Adressen des seriell Port MC Computer OUT SIO/PIO Karte
   48                   
   49         00F0      SA_DAT	EQU 0F0H	; SIO A Daten
   50         00F1      SA_STS	EQU 0F1H	; SIO A Control
   51         00F2      SB_DAT	EQU 0F2H	; SIO B Daten
   52         00F3      SB_STS	EQU 0F3H	; SIO B Control
   53         0001      S_RXB	EQU 01h		; SIO RX Ready Bit
   54         0004      S_TXB	EQU 04h		; SIO TX Ready Bit
   55                   	
   56                   	; Adressen des Seriell Port UART 8251 auf SYS-80s CPU Karte
   57                   	; bei SYS-1 oder SYS-80 sind die entsprechenden Daten der
   58                   	; SIO A einzutragen, siehe Auskommentierung
   59         0000      	IF 0
"MC CPM-Computer Mon80V2"       			    Z80ASM 1.32 Page   2
MON80V2 Z80

   64                   	ENDIF
   65                   
   66                   	; Serial Port A is redirected to UART on SYS-80s
   67                   
   68         0020      U_DAT	EQU 020H	; UART 8251 Daten
   69         0021      U_STS	EQU 021H	; UART 8251 Control
   70         0002      U_RXB	EQU 002h	; RX Ready Bit UART 8251
   71         0001      U_TXB	EQU 001h	; TX Ready Bit UART 8251
   72                   
   73                   	; Address of IDE Port CF-80 card
   74                   
   75         0018      IDEDATA	EQU 018h	; IDE Data Register
   76         001A      SECCND	EQU 01Ah	; Sector Count Register
   77         001B      LBA7	EQU 01Bh	; LBA Bits 0-7
   78         001C      LBA15	EQU 01Ch	; LBA Bits 8-15
   79         001D      LBA23	EQU 01Dh	; LBA Bits 16-23
   80         001E      IDEHEAD	EQU 01Eh	; IDE Drive Head Register
   81         001F      IDESTAT	EQU 01Fh	; IDE Command/Status Register
   82                   
   83                   ;------------------------------------------------------------------------------
   84                   
   85         0000      	ORG 0000h		; start address in ROM
   86                   
   87                   	; Copy Monitor from address ROMSRT in ROM to address F000 in RAM
   88                   
   89 0000  31 FFFF     BEGIN:	LD SP,0FFFFh 		; set Stack to end of memory
   90 0003  3E C9       	LD A,0C9h 		; place RET command at F000h
   91 0005  32 F000     	LD (0F000h),A 		; 
   92 0008  CD F000     	CALL 0F000h 		; and call it
   93                   
   94 000B  3B          BEG:	DEC SP  		; get return address from Stack to calculate
   95 000C  3B          	DEC SP  		; Monitor location in ROM
   96 000D  D1          	POP DE
   97 000E  21 0012     	LD HL,ROMSRT-BEG	; offset from BEG to ROMSRT
   98 0011  19          	ADD HL,DE		; actual Montor address in ROM as source address in HL
   99 0012  11 F000     	LD DE,0F000h 		; dest address in DE
  100 0015  01 0FFF     	LD BC,0FFFh 		; length in BC (4KB - 1)
  101 0018  ED B0       	LDIR  			; copy
  102 001A  C3 F000     	JP 0F000h 		; jump to Monitor in RAM
  103                   
  104                   ;------------------------------------------------------------------------------
  105                   ; Start of Monitor program, ROM address 0F000h
  106                   
  107 001D              ROMSRT:	; Start address of Monitor in ROM
  108                   	; label must be located before .PHASE
  109                   
  110                   	.PHASE 0F000H	; monitor start address in RAM
  111                   
  112 F000  C3 F071     	JP INIT
  113 F003  C3 F084     	JP CONIN	; Console In
  114 F006  C3 F097     	JP READIN	; Reader In (<- SIO B)
  115 F009  C3 F0AD     	JP CONOUT	; Console Out
  116 F00C  C3 F0C1     	JP PUNOUT	; Punch Out (-> SIO B)
  117 F00F  C3 F0D8     	JP LSTOUT	; List Out (-> SIO B)
  118 F012  C3 F0EF     	JP CONSTS	; Get console status, 0FFh in A, if character available
  119 F015  C3 F102     	JP IOGET	; Get iobyte, current configuration in A
  120 F018  C3 F106     	JP IOSET	; Set iobyte, new configuration in C
  121 F01B  C3 F10B     	JP MEMCHK	; High memory in B, low memory in A
"MC CPM-Computer Mon80V2"       			    Z80ASM 1.32 Page   3
MON80V2 Z80

  122                   
  123 F01E              TRAP:	; trap/breakpoint entry
  124                   
  125 F01E  C3 F06E     	JP RSTRT
  126 F021  C3 F213     	JP FLOP	 	; new floppy interface rev 1.0
  127 F024  C3 F1A9     	JP MAXI		; FLOPPY EXEC VEKTOR SOFT (old)
  128 F027  C3 F1E4     	JP MINI		; FLOPPY EXEC VEKTOR MINI (old)
  129 F02A  C3 F588     	JP IDERD	; Read IDE sector
  130 F02D  C3 F5C7     	JP IDEWR	; Write IDE Sector
  131 F030  C3 F6CA     	JP COLD		; Monitor Cold Start (no Hardware init)
  132 F033  C3 F6FB     	JP WARM		; Monitor Warm Start
  133 F036  C3 F074     	JP WRSTR	; gibt einen 0-terminierten String aus
  134                   
  135 F039  F13A        TABPTR:	DEFW TABSTART 	; Start of user jump table
  136 F03B  FE30        ENDPTR:	DEFW LASTMON 	; End address of Monitor
  137 F03D  F606        FREPTR:	DEFW FREEMEM 	; End of Monitor driver section. The area behind it can be overwritten by CP/M.
  138                   
  139                   	; Jump table for compatibility to FLOMON (NDR-Klein-Computer)
  140                   	
  141 F03F    000D      	DEFS 13 	; f033,34,35,36,37,38,39,3a,3b,3c,3d,3e,3f
  142                   			; BASIS F040h
  143 F04C  C3 F06A     	JP ILLEGAL 	; loeschen alle seiten
  144 F04F  C3 F06A     	JP ILLEGAL     	; loeschen unsichtbar
  145 F052  C3 F06A     	JP ILLEGAL 	; moveto hl=x de=y
  146 F055  C3 F06A     	JP ILLEGAL 	; drawto hl=x de=y
  147 F058  C3 F06A     	JP ILLEGAL 	; c=schreibseite 0,1,2,3
  148 F05B  C3 F06A     	JP ILLEGAL 	; c=leseseite    0,1,2,3
  149 F05E  C3 F06A     	JP ILLEGAL      ; c=rmwmode      0=norm 1=rmw
  150 F061  C3 F06A     	JP ILLEGAL 	; warten bis gdp fertig
  151 F064  C3 F06A     	JP ILLEGAL      ; c=befehl fuer gdp  ACHTUNG in C-Register nicht A
  152 F067  C3 F06A     	JP ILLEGAL 	; hl=quelle,de=ziel,c=bank quelle, b=bank ziel
  153                   			; carry wenn bankram auf f000h nicht da ist
  154                   
  155                   
  156                   ; End of area of tables and fixed addresses, that are used by CP/M BIOS, UFORMAT etc.
  157                   
  158                   ;------------------------------------------------------------------------------
  159                   
  160 F06A              ILLEGAL:
  161 F06A  3E FF       	LD A,0FFh
  162 F06C  37          	SCF
  163 F06D  C9          	RET  		; return with error
  164                   
  165                   ;------------------------------------------------------------------------------
  166                   
  167 F06E  C3 FCF1     RSTRT:	JP RSTRTB 	; kann kurzgeschlossen werden
  168                   			; nach freemem ueberschreibung
  169 F071  C3 F693     INIT:	JP INIT1 	; kurzschliessen ggf.
  170                   			; ende fixed gebiet
  171                   
  172                   ;==============================================================================
  173                   ; IO Routinen
  174                   ;==============================================================================
  175                   ; Output 0-terminated string, address in HL
  176                   
  177 F074  DB 21       WRSTR:	IN  A,(U_STS)	; read status
  178 F076  E6 01       	AND U_TXB	; check TxRDY bit
  179 F078  CA F074     	JP Z,WRSTR	; wait if not set
"MC CPM-Computer Mon80V2"       			    Z80ASM 1.32 Page   4
MON80V2 Z80

  180                   	
  181 F07B  7E          	LD A,(HL)	; get char from string
  182 F07C  A7          	AND A		; check if 0
  183 F07D  C8          	RET Z		; -> send of string
  184                   	
  185 F07E  D3 20       	OUT (U_DAT),A	; write char to output
  186 F080  23          	INC HL		; next char in string
  187 F081  C3 F074     	JP WRSTR	; start over
  188                   
  189                   ;------------------------------------------------------------------------------
  190                   ; Console Input main routine (SYS)
  191                   
  192 F084  3A F14C     CONIN:	LD A,(IOBYT)
  193 F087  E6 03       	AND 00000011b		; console mask
  194 F089  20 09       	JR NZ,CONI2		; -> user device
  195                   
  196 F08B  DB 21       CONI1:	IN A,(U_STS)
  197 F08D  E6 02       	AND U_RXB
  198 F08F  28 FA       	JR Z,CONI1
  199 F091  DB 20       	IN A,(U_DAT)
  200 F093  C9          	RET
  201                   
  202 F094  C3 F13A     CONI2:	JP USERCI  		; user CI
  203                   
  204                   ;------------------------------------------------------------------------------
  205                   ; Reader Input routine (SIO B)
  206                   
  207 F097  3A F14C     READIN:	LD A,(IOBYT)
  208 F09A  E6 0C       	AND 00001100b
  209 F09C  CA F084     	JP Z,CONIN  	; AR=T
  210                   
  211 F09F  FE 04       	CP 00000100B 
  212 F0A1  C2 F13D     	JP NZ,USERRI
  213                   	
  214 F0A4              READI1:	; AR = P
  215 F0A4  DB F3       	IN A,(SB_STS)
  216 F0A6  E6 01       	AND S_RXB
  217 F0A8  28 FA       	JR Z,READI1
  218                   	
  219 F0AA  DB F2       	IN A,(SB_DAT)
  220 F0AC  C9          	RET
  221                   
  222                   ;------------------------------------------------------------------------------
  223                   ; Console Output main routine
  224                   
  225 F0AD  3A F14C     CONOUT:	LD A,(IOBYT)
  226 F0B0  E6 03       	AND 00000011b
  227 F0B2  20 0A       	JR NZ,CONO2
  228                   
  229 F0B4  DB 21       CONO1:	IN A,(U_STS)
  230 F0B6  E6 01       	AND U_TXB
  231 F0B8  28 FA       	JR Z,CONO1
  232                   	
  233 F0BA  79          	LD A,C
  234 F0BB  D3 20       	OUT (U_DAT),A
  235 F0BD  C9          	RET
  236                   
  237 F0BE  C3 F140     CONO2:	JP USERCO	; user console output
"MC CPM-Computer Mon80V2"       			    Z80ASM 1.32 Page   5
MON80V2 Z80

  238                   
  239                   ;------------------------------------------------------------------------------
  240                   ; Punch Output main routine
  241                   ; HIER ABFRAGE IOBYT MOEGLICH
  242                   ;
  243 F0C1  3A F14C     PUNOUT:	LD A,(IOBYT)
  244 F0C4  E6 30       	AND 00110000b
  245 F0C6  CA F0AD     	JP Z,CONOUT  			; AP=T
  246                   	
  247 F0C9  FE 10       	CP 00010000b
  248 F0CB  C2 F143     	JP NZ,USERPO
  249                   	
  250 F0CE              PUNO1:	; AP=P
  251 F0CE  DB F3       	IN A,(SB_STS)
  252 F0D0  E6 04       	AND S_TXB
  253 F0D2  28 FA       	JR Z,PUNO1
  254                   	
  255 F0D4  79          	LD A,C
  256 F0D5  D3 F2       	OUT (SB_DAT),A
  257 F0D7  C9          	RET
  258                   
  259                   ;------------------------------------------------------------------------------
  260                   ; List Output main routine
  261                   
  262 F0D8  3A F14C     LSTOUT:	LD A,(IOBYT)
  263 F0DB  E6 C0       	AND 0C0H
  264 F0DD  CA F0B4     	JP Z,CONO1 		; AL=T
  265                   	
  266 F0E0  FE 80       	CP 10000000B 		
  267 F0E2  C2 F146     	JP NZ,USERLO
  268                   					
  269 F0E5              LO1:	; AL=L
  270 F0E5  DB F3       	IN A,(SB_STS)
  271 F0E7  E6 04       	AND S_TXB
  272 F0E9  28 FA       	JR Z,LO1
  273                   	
  274 F0EB  79          	LD A,C
  275 F0EC  D3 F2       	OUT (SB_DAT),A
  276 F0EE  C9          	RET
  277                   
  278                   ;------------------------------------------------------------------------------
  279                   ; Console Status main routine
  280                   
  281 F0EF  3A F14C     CONSTS:	LD A,(IOBYT)
  282 F0F2  E6 03       	AND 03h
  283 F0F4  20 09       	JR NZ,CONS2
  284                   	
  285 F0F6  DB 21       CONS1:	IN A,(U_STS)
  286 F0F8  E6 02       	AND U_RXB
  287 F0FA  C8          	RET Z
  288                   	
  289 F0FB  3E FF       	LD A,0FFH
  290 F0FD  B7          	OR A
  291 F0FE  C9          	RET
  292                   
  293 F0FF  C3 F149     CONS2:	JP USERCSTS	; user csts
  294                   
  295                   ;------------------------------------------------------------------------------
"MC CPM-Computer Mon80V2"       			    Z80ASM 1.32 Page   6
MON80V2 Z80

  296                   ; The IOBYTE is used to switch from physical to logical device. It has the
  297                   ; same meaning as in the CP/M BIOS.
  298                   
  299 F102  3A F14C     IOGET:	LD A,(IOBYT)
  300 F105  C9          	RET
  301                   
  302                   ;------------------------------------------------------------------------------
  303                   ; IOSET, can be set in BIOS
  304                   
  305 F106  79          IOSET:	LD A,C
  306 F107  32 F14C     	LD (IOBYT),A
  307 F10A  C9          	RET
  308                   	
  309                   ;------------------------------------------------------------------------------
  310                   ; prueft den Speicherbereich und gibt die hoechste verfuegbare Zelle an
  311                   ; MEMCHK IN B HIGH IN A LOW MEMORY
  312                   
  313 F10B  E5          MEMCHK:	PUSH HL
  314 F10C  CD F118     	CALL MEMSIZ
  315 F10F  7D          	LD A,L
  316 F110  D6 3C       	SUB 3CH
  317 F112  30 01       	JR NC,MEMCK1
  318                   
  319 F114  25          	DEC H
  320                   	
  321 F115  44          MEMCK1:	LD B,H
  322 F116  E1          	POP HL
  323 F117  C9          	RET
  324                   
  325                   ;------------------------------------------------------------------------------
  326                   ; Detect end of memory from 0000h to EFFFh
  327                   
  328 F118  C5          MEMSIZ:	PUSH BC
  329                   
  330                   	; Einsprung
  331 F119              MEMSIZB:
  332 F119  21 FFFF     	LD HL,-1
  333                   
  334 F11C  24          MEMS1:	INC H
  335 F11D  7E          	LD A,(HL)
  336 F11E  2F          	CPL
  337 F11F  77          	LD (HL),A
  338 F120  BE          	CP (HL)
  339 F121  2F          	CPL
  340 F122  77          	LD (HL),A
  341 F123  20 F7       	JR NZ,MEMS1
  342                   
  343 F125  24          MEMS2:	INC H
  344 F126  7C          	LD A,H
  345 F127  FE F0       	CP 0F0H		; ALL RAM
  346 F129  28 08       	JR Z,MEMS3 	; READY 0F000H
  347                   	
  348 F12B  7E          	LD A,(HL) 	; max 0F000h, da dort Monitor startet
  349 F12C  2F          	CPL
  350 F12D  77          	LD (HL),A
  351 F12E  BE          	CP (HL)
  352 F12F  2F          	CPL
  353 F130  77          	LD (HL),A
"MC CPM-Computer Mon80V2"       			    Z80ASM 1.32 Page   7
MON80V2 Z80

  354 F131  28 F2       	JR Z,MEMS2
  355                   
  356 F133  25          MEMS3:	DEC H
  357 F134  01 FFDD     	LD BC,EXIT-ENDX
  358 F137  09          	ADD HL,BC
  359 F138  C1          	POP BC
  360 F139  C9          	RET
  361                   
  362                   ; -----------------------------------------------------------------------------
  363                   
  364 F13A              TABSTART:
  365                   	;TABELLE SPRUNG-VEKTOREN
  366                   
  367                   ; Hier kvnnen eigene Routinen stehen f|r Input/Output
  368                   
  369 F13A  C3 F08B     USERCI:	JP CONI1
  370 F13D  C3 F08B     USERRI:	JP CONI1
  371 F140  C3 F0B4     USERCO:	JP CONO1
  372 F143  C3 F0B4     USERPO:	JP CONO1
  373 F146  C3 F0B4     USERLO:	JP CONO1
  374 F149              USERCSTS:
  375 F149  C3 F0F6     	JP CONS1
  376                   
  377                   	; IOBYTE
  378                   	; 000000XX CONSOLE
  379                   	; 0000XX00 READER
  380                   	; 00XX0000 PUNCH
  381                   	; XX000000 LISTER
  382 F14C  00          IOBYT:	DEFB 0
  383                   
  384 F14D    0003      OEXEC:	DEFS 3
  385 F150    0003      IEXEC:	DEFS 3
  386 F153    0003      KEXEC:	DEFS 3
  387                   
  388                   ;==============================================================================
  389                   ; FLO2 floppy routines
  390                   
  391                   ; Autobestimmung des Formats
  392                   ; in C ist danach der gueltige ; Laufwerkscode,
  393                   ; Vorgabe ist in C die Laufwerksnummer und ggf. Seite.
  394                   ; testet mini,sd =11
  395                   ;        mini,dd =10
  396                   ;        maxi,sd =01
  397                   ;        maxi,dd =00
  398                   
  399 F156  F3          getfl:	DI  		; ohne Interrupts
  400 F157  3E D0       	LD A,0D0H
  401 F159  D3 C0       	OUT (FLO),A 	; Stop Controller
  402 F15B  DB C0       	IN A,(FLO) 	; Ints loeschen
  403 F15D  79          	LD A,C
  404 F15E  E6 8F       	AND 8FH 	; nur Drivecode ok
  405 F160  4F          	LD C,A
  406 F161  CD F2C3     	CALL WAWA	; short delay
  407 F164  79          	LD A,C
  408 F165  F6 30       	OR 00110000B	; mini sd vorgeben		
  409 F167  4F          	LD C,A
  410 F168  CD F186     	CALL GET1FL
  411 F16B  D0          	RET NC  	; kein Fehler, no carry
"MC CPM-Computer Mon80V2"       			    Z80ASM 1.32 Page   8
MON80V2 Z80

  412 F16C  79          	LD A,C
  413 F16D  E6 AF       	AND 10101111B
  414 F16F  4F          	LD C,A
  415 F170  CD F186     	CALL GET1FL
  416 F173  D0          	RET NC
  417 F174  79          	LD A,C
  418 F175  E6 8F       	AND 10001111B
  419 F177  F6 10       	OR  00010000B
  420 F179  4F          	LD C,A
  421 F17A  CD F186     	CALL GET1FL
  422 F17D  D0          	RET NC
  423 F17E  79          	LD A,C
  424 F17F  E6 8F       	AND 10001111B
  425 F181  4F          	LD C,A
  426 F182  CD F186     	CALL GET1FL
  427 F185  C9          	RET  		; carry, dann Fehler
  428                   
  429                   ; get1fl
  430                   
  431 F186  3A F587     get1fl:	LD A,(FLOC0)
  432 F189  FE 01       	CP 1  		; if a=1 -> FLO1 
  433 F18B  C2 F194     	JP NZ,GET1FL1
  434                   	
  435 F18E  79          	LD A,C
  436 F18F  EE 10       	XOR 10H		;wenn Flo1 dann invertieren Dichtebit
  437 F191  C3 F195     	JP GET1FL2
  438                   	
  439 F194              get1fl1:
  440                   	; ELSE FLO2
  441 F194  79          	LD A,C
  442                   	
  443 F195              get1fl2:
  444 F195  D3 C4       	OUT (FLO+4),A 	; Drive-Code probieren
  445 F197  3E 0F       	LD A,0FH 	; RSTORE-Befehl mit Verify verwenden
  446 F199  D3 C0       	OUT (FLO),A 	; und ausgeben
  447 F19B              get1fl3:
  448 F19B  DB C4       	IN A,(FLO+4)
  449 F19D  E6 40       	AND 40H 	; Bit 6 pruefen
  450 F19F  28 FA       	JR Z,GET1FL3 	; bis INT da
  451 F1A1  DB C0       	IN A,(FLO) 	; und dann status lesen, int loeschen
  452 F1A3  E6 98       	AND  10011000B 	; krit. Bit testen 
  453 F1A5  37          	SCF  		; falls Fehler, dann setzen
  454 F1A6  C0          	RET NZ  	; carry=Fehler
  455 F1A7  AF          	XOR A
  456 F1A8  C9          	RET  		; sonst ok nocarry (c=Code)
  457                   
  458                   ;==============================================================================
  459                   ; Floppy Interface Paket Rev 1.0   841031
  460                   ; (C) 1984 Muenchen, Rolf-Dieter Klein
  461                   
  462                   ; Routinen fuer MC-Kompatibilitaet
  463                   ; wie floppy, jedoch Drive-Codierung anders
  464                   ; nur fuer bestehende BIOS-Routinen gedacht
  465                    
  466                   ; bei Maxi wird die Seite 1 mit Seitenpruefung auf 0
  467                   ; angesprochen, bei Mini mit Seitenpruefung auf 1.
  468                   ; nur fuer SD
  469                   
"MC CPM-Computer Mon80V2"       			    Z80ASM 1.32 Page   9
MON80V2 Z80

  470                   ; c=0,1,2,3
  471                   ; 	0,2 gekoppelt  1,3 gekoppelt					
  472                   
  473 F1A9  CD F1AF     maxi:	CALL SETCOD
  474 F1AC  C3 F213     	JP FLOP		; sso-flag auf 0 setzen, jedoch stepflag
  475                   			; gueltig wenn bit 7 gesetzt.
  476                   
  477                   ;------------------------------------------------------------------------------
  478                   
  479 F1AF  79          setcod:	LD A,C  	; SD MAXI
  480 F1B0  E6 03       	AND 3  		; muss Bereich 0..3 sein
  481 F1B2  FE 00       	CP 0  		; 0 seite 0
  482 F1B4  20 03       	JR NZ,MAX1
  483                   	
  484 F1B6  0E 11       	LD C,00010001B 	; LW 1
  485 F1B8  C9          	RET
  486                   
  487 F1B9  FE 01       max1:	CP 1
  488 F1BB  20 03       	JR NZ,MAX2
  489                   	
  490 F1BD  0E 12       	LD C,00010010B 	; LW 2 seite 0
  491 F1BF  C9          	RET
  492                   
  493 F1C0  FE 02       max2:	CP 2
  494 F1C2  20 03       	JR NZ,MAX3
  495                   	
  496 F1C4  0E 91       	LD C,10010001B 	; LW 1 seite 1
  497 F1C6  C9          	RET
  498 F1C7              max3:
  499 F1C7  0E 92       	LD C,10010010B 	; LW 2 seite 1
  500 F1C9  C9          	RET
  501                   
  502                   ;------------------------------------------------------------------------------
  503                   
  504 F1CA              set2cod:
  505 F1CA  E6 03       	AND 3  		; 0,1,2,3 erlaubt
  506 F1CC  FE 00       	CP 0
  507 F1CE  20 03       	JR NZ,SET2C1
  508                   	
  509 F1D0  0E 01       	LD C,00000001B 	; LW 1 seite 0
  510 F1D2  C9          	RET
  511                   
  512 F1D3  FE 01       set2c1:	CP 1
  513 F1D5  20 03       	JR NZ,SET2C2
  514                   	
  515 F1D7  0E 81       	LD C,10000001B 	; LW 1 seite 1
  516 F1D9  C9          	RET
  517                   
  518 F1DA  FE 02       set2c2:	CP 2
  519 F1DC  20 03       	JR NZ,SET2C3
  520                   	
  521 F1DE  0E 02       	LD C,00000010B 	; LW 2 seite 0
  522 F1E0  C9          	RET
  523                   
  524 F1E1  0E 82       set2c3:	LD C,10000010B 	; LW 2 seite 1 
  525 F1E3  C9          	RET
  526                   
  527                   ;------------------------------------------------------------------------------
"MC CPM-Computer Mon80V2"       			    Z80ASM 1.32 Page  10
MON80V2 Z80

  528                   ; rest unzul.
  529                   ; 10,11 12,13 gekoppelt, d0,d1,d2,d3
  530                   ; bit 6 =Dichtecode 1=Double dense
  531                   
  532 F1E4  79          mini:	LD A,C
  533 F1E5  E6 7F       	AND 7FH 	; bit 7 interessiert nicht
  534 F1E7  4F          	LD C,A
  535 F1E8  F5          	PUSH AF
  536 F1E9  CD F1CA     	CALL SET2COD 	; codierung 2
  537 F1EC  F1          	POP AF
  538 F1ED  E6 40       	AND 40H 	; dd,sd 
  539 F1EF  C2 F1F9     	JP NZ,MINI3
  540                   	
  541                   	; IF Z=0 SD
  542 F1F2  79          	LD A,C
  543 F1F3  F6 30       	OR 00110000B 	; SD MINI
  544 F1F5  4F          	LD C,A
  545                   	; ELSE
  546 F1F6  C3 F1FD     	JP MINI4
  547                   
  548 F1F9              mini3:	; DD
  549 F1F9  79          	LD A,C
  550 F1FA  F6 20       	OR 00100000B 	; DD MINI
  551 F1FC  4F          	LD C,A
  552                   
  553 F1FD  3E 02       mini4:	LD A,2  	; sso-flag setzen
  554 F1FF  C3 F214     	JP FLOP1 	; ok ausfuehren
  555                   
  556                   ;==============================================================================
  557                   ; Floppy-Unterprogramme fuer FLO2
  558                   ; verwendet 1797 als Controller
  559                   ; Version 1.0   840506
  560                   ; Rolf-Dieter Klein (C) 1984 Muenchen
  561                   ;
  562                   ; Die Routinen ermoeglichen sowohl den Anschluss von Mini-,Mikro- als auch
  563                   ; von Maxi-Laufwerken. Die Routinen muessen im RAM stehen, da die Buffer
  564                   ; am Ende stehen. Alle Buffer sind jedoch gesammelt.
  565                   
  566                   ; FLO4    als Leseport
  567                   ;
  568                   ; 7 6 5 4 3 2 1 0
  569                   ;
  570                   ; DRQ   INTRQ   headld x      x x x x
  571                   ; 0=request
  572                   ;      0=request
  573                   ;  1=head down
  574                   ;
  575                   
  576                   ; FLO4    als Schreibport
  577                   ;
  578                   ; 7 6 5 4 3 2 1 0
  579                   ;
  580                   ; sso moton mini dense d c b a
  581                   ;
  582                   ; 1=Seite 1
  583                   ; 0=Motor an
  584                   ;  1=Minilaufwerk
  585                   ;   1=Single Dense
"MC CPM-Computer Mon80V2"       			    Z80ASM 1.32 Page  11
MON80V2 Z80

  586                   ;    -------------------------
  587                   ;      1=Laufwerk an
  588                   
  589         00C0      FLO	EQU 0C0H 		; Basisadresse Floppy-Controller
  590                   ;FLO0	EQU 0C0H   	
  591                   ;FLO1	EQU 0C1H
  592                   ;FLO2	EQU 0C2H
  593                   ;FLO3	EQU 0C3H
  594                   ;FLO4	EQU 0C4H 		; Port fuer Zusatzstatus etc.
  595                   
  596                   ;------------------------------------------------------------------------------
  597                   ; Bei einem Interrupt wird an diese Stelle gesprungen
  598                   ; Der Interrupt erfolgt vom Floppy-Controller
  599                   
  600 F202              INTEX:	; Das INT-Program arbeitet nicht als Unterprogramm
  601 F202  F1          	POP AF  		; alte Ret-Adresse vernichten
  602 F203  DB C0       	IN A,(FLO) 		; Status lesen und INT loeschen
  603 F205  FB          	EI  			; Interrupt wieder freigeben
  604 F206  ED 4D       	RETI  			; zurueck zum vorherigen Aufrufer
  605                   
  606                   ;------------------------------------------------------------------------------
  607                   
  608 F208              iniflp:				; Floppy Routinen Init
  609 F208  3E 02       	LD A,2  		; 3= langsamste Steprate
  610 F20A  32 F3FA     	LD (STEPRATE),A		; einstellen, kein SSO
  611 F20D  3E FF       	LD A,0FFH
  612 F20F  32 F403     	LD (CURDRV),A 		; Drive ungueltig
  613 F212  C9          	RET 
  614                   
  615                   ;------------------------------------------------------------------------------
  616                   
  617         0038      INTVEK	EQU 38h 		; Interruptziel
  618                   
  619 F213              FLOP:				; Haupteingang der Floppy-Routinen
  620 F213  AF          	XOR A  			; sso-Flag auf 0 setzen
  621 F214              flop1:				; a=sso flag, nur 2 zulaessig
  622 F214  32 F3FB     	LD (SSOFLAG),A 		; ok setzen hier moeglich
  623                   				; HL = Ziel oder Quelladresse
  624                   				; E = Sektor D= Track
  625                   				; C = Laufwerkscode + Dichtecode + Seite
  626                   				; B = 0 dann Steprate setzen + SSO-Flag
  627                   				;   = 1 dann lesen
  628                   				;   = 2 dann schreiben
  629                   
  630 F217  F5          cflo1:	PUSH AF			; entscheiden FLO1 oder FLO2
  631 F218  3A F587     	LD A,(FLOC0)
  632 F21B  FE 01       	CP 1  
  633 F21D  C2 F226     	JP NZ,CFLO2		; -> FLO2
  634                   	
  635                   	; FLO1
  636 F220  79          	LD A,C
  637 F221  E6 BF       	AND 10111111B 		; kein autowait 
  638 F223  EE 10       	XOR 10H 		; invertieren Dichtebit fuer FLO1
  639 F225  4F          	LD C,A
  640                   
  641 F226  F1          CFLO2:	POP AF
  642 F227  ED 73 F3FC  	LD (SP0),SP 		; save user-stack, maybe to deep for BDOS
  643 F22B  31 F478     	LD SP,TSTACK 		;
"MC CPM-Computer Mon80V2"       			    Z80ASM 1.32 Page  12
MON80V2 Z80

  644                   
  645 F22E  3E D0       	LD A,0D0H
  646 F230  D3 C0       	OUT (FLO),A 		; reset floppy controller
  647                   	
  648                   	; set interrupt vector to INTEX
  649 F232  3A 0038     	LD A,(INTVEK)
  650 F235  32 F3FE     	LD (SAVINT),A
  651 F238  3E C3       	LD A,0C3H 		; JP-Befehl
  652 F23A  32 0038     	LD (INTVEK),A
  653 F23D  E5          	PUSH HL
  654 F23E  2A 0039     	LD HL,(INTVEK+1)
  655 F241  22 F3FF     	LD (SAVINT+1),HL
  656 F244  21 F202     	LD HL,INTEX 		; set to JP INTEX
  657 F247  22 0039     	LD (INTVEK+1),HL
  658 F24A  E1          	POP HL
  659                   	
  660 F24B  DB C0       	IN A,(FLO)		; Status - Port
  661 F24D  ED 56       	IM 1  			; set interrupt mode 1 ->  execure at 38h
  662 F24F  FB          	EI  			; Interrupt freigeben
  663 F250  CD F2FB     	CALL SOFTEX
  664 F253  F3          	DI  			; disable interrupt
  665                   	
  666                   	; restore interrupt vector
  667 F254  F5          	PUSH AF 		; Status
  668 F255  3A F3FE     	LD A,(SAVINT)
  669 F258  32 0038     	LD (INTVEK),A 		; zurueckspeichern
  670 F25B  E5          	PUSH HL
  671 F25C  2A F3FF     	LD HL,(SAVINT+1)
  672 F25F  22 0039     	LD (INTVEK+1),HL
  673 F262  E1          	POP HL
  674 F263  F1          	POP AF
  675 F264  ED 7B F3FC  	LD SP,(SP0) 		; restore user-stack
  676                   	
  677 F268  C9          	RET
  678                   
  679                   ;------------------------------------------------------------------------------
  680                   ; Diverse Unterprogramme
  681                   
  682 F269              setup:				; testet ob der Kopf noch
  683                   				; geladen ist und setzt die
  684 F269  06 00       	LD B,0  		; Flag fuer SSO-Bit
  685 F26B  3A F402     	LD A,(DRVCOD) 		; wenn Bit 7 gesetzt, dann abfragen
  686 F26E  E6 80       	AND 80H
  687 F270  28 11       	JR Z,SET2UP 		; Seite 0, immer mit SSO=0
  688 F272  3A F3FA     	LD A,(STEPRATE) 	; jetzt pruefen ob flags da
  689 F275  E6 80       	AND 80H 		; <>0, dann SSO setzen, wenn seite 1
  690 F277  28 04       	JR Z,SET1UP 		; =0, dann code 0, oder SSOFLAG
  691 F279  06 02       	LD B,2  		; SSO setzen 
  692 F27B  18 06       	JR SET2UP
  693 F27D              set1up:				; pruefen ob SSO-Flag
  694 F27D  3A F3FB     	LD A,(SSOFLAG) 		; ok, 2=Flag
  695 F280  E6 02       	AND 2  			; SSO-Bit
  696 F282  47          	LD B,A  		; 0,2 erlaubt 
  697 F283              set2up:		
  698                   				; entsprechenden Bits
  699 F283  DB C4       	IN A,(FLO+4) 		; Status Port
  700 F285  E6 20       	AND 20H 		; Head-Load Bit
  701 F287  20 04       	JR NZ,NOSET 		; =1 dann Kopf auf Diskette
"MC CPM-Computer Mon80V2"       			    Z80ASM 1.32 Page  13
MON80V2 Z80

  702 F289  78          	LD A,B
  703 F28A  F6 04       	OR 4  			; sonst Bitmaske fuer headdown
  704 F28C  C9          	RET
  705 F28D              noset:
  706 F28D  78          	LD A,B
  707 F28E  C9          	RET 			; Code belassen
  708                   	
  709                   ;------------------------------------------------------------------------------
  710                   
  711 F28F              rdflp:				; einen Sektor lesen
  712                   				; e=sektor nr
  713 F28F  79          	LD A,C
  714 F290  D3 C4       	OUT (FLO+4),A 		; erst mal Dichtecode setzen und Seite
  715 F292  7B          	LD A,E
  716 F293  D3 C2       	OUT (FLO+2),A 		; ins Sektorregister
  717 F295  0E C3       	LD C,FLO+3 		; Adresse Datenport dann nach c
  718 F297  CD F269     	CALL SETUP 		; Register A vorbereiten
  719 F29A  C6 88       	ADD A,88H 		; Lese-Befehl, sidesel=0
  720 F29C  D3 C0       	OUT (FLO),A 		; Befehl ausfuehren
  721 F29E              rd1:
  722 F29E  DB C4       	IN A,(FLO+4) 		; DRQ schon da ?
  723 F2A0  07          	RLCA  			; bit7 = drq bit6 = int
  724 F2A1  D2 F29E     	JP NC,RD1 		; bis drq=1 da ist
  725 F2A4  ED A2       	INI  			; dann Transport moeglich
  726 F2A6  C3 F29E     	JP RD1  		; und alles wiederholen bis INT
  727                   
  728                   ;------------------------------------------------------------------------------
  729                   
  730 F2A9              wrflp:				; Floppy-Sektor schreiben
  731 F2A9  79          	LD A,C
  732 F2AA  D3 C4       	OUT (FLO+4),A 		; erst mal Seite anwaehlen und Dichte
  733 F2AC  7B          	LD A,E  		; Sektorregister setzen
  734 F2AD  D3 C2       	OUT (FLO+2),A
  735 F2AF  0E C3       	LD C,FLO+3		; Adresse Datenport laden
  736 F2B1  CD F269     	CALL SETUP		; E-Code in A laden
  737 F2B4  C6 A8       	ADD A,0A8H		; Befehl Schreibe-Sektor
  738 F2B6  D3 C0       	OUT (FLO),A 		; und Befehl ausfuehren
  739 F2B8              wr1:
  740 F2B8  DB C4       	IN A,(FLO+4)		; warten bis DRQ da
  741 F2BA  07          	RLCA
  742 F2BB  D2 F2B8     	JP NC,WR1 		; dann Wert ausgeben
  743 F2BE  ED A3       	OUTI  			; mit Blockbefehl
  744 F2C0  C3 F2B8     	JP WR1  		; verlassen nur durch INT
  745                   
  746                   ;------------------------------------------------------------------------------
  747                   ; delay: 4 ms at 4 MHz
  748                   
  749 F2C3  C5          WAWA:	PUSH BC 		; pro Schleife ca 6us bei 4MHz
  750 F2C4  01 01F4     	LD BC,500 		; 500*6us Dauer
  751 F2C7  CD F2CC     	CALL DELAY
  752 F2CA  C1          	POP BC
  753 F2CB  C9          	RET
  754                   
  755                   ;------------------------------------------------------------------------------
  756                   ; delay: 6 microseconds at 4 MHz
  757                   
  758 F2CC  0B          DELAY:	DEC BC
  759 F2CD  78          	LD A,B
"MC CPM-Computer Mon80V2"       			    Z80ASM 1.32 Page  14
MON80V2 Z80

  760 F2CE  B1          	OR C
  761 F2CF  C2 F2CC     	JP NZ,DELAY
  762 F2D2  C9          	RET
  763                   
  764                   ;------------------------------------------------------------------------------
  765                   
  766 F2D3              seek:				; Spur anfahren C=Drive D=Spur E=Sektor
  767 F2D3  CD F2C3     	CALL WAWA 		; short delay
  768 F2D6  79          	LD A,C
  769 F2D7  D3 C4       	OUT (FLO+4),A 		; Drive-Code und Dichte sowie Seite
  770 F2D9  7B          	LD A,E
  771 F2DA  D3 C2       	OUT (FLO+2),A 		; Sektor
  772 F2DC  7A          	LD A,D
  773 F2DD  D3 C3       	OUT (FLO+3),A 		; Spur
  774 F2DF  06 1C       	LD B,1CH 		; Seek-Befehl
  775 F2E1  3A F3FA     	LD A,(STEPRATE)
  776 F2E4  E6 03       	AND 3  			; 0,1,2,3  zulaessig
  777 F2E6  B0          	OR B  			; Seek Befehl zusammen mit Steprate
  778 F2E7  D3 C0       	OUT (FLO),A 		; als Befehl ausgeben
  779 F2E9  76          	HALT  			; warten bis INT
  780                   
  781                   ;------------------------------------------------------------------------------
  782                   ; Kopf auf Spur 0 stellen
  783                   			
  784 F2EA  CD F2C3     RSTORE:	CALL WAWA		; short delay
  785                   
  786 F2ED  79          	LD A,C  		; Laufwerkscode (drive)
  787 F2EE  D3 C4       	OUT (FLO+4),A 		; mit Dichtecode etc. ausgeben
  788                   	
  789 F2F0  06 08       	LD B,8  		; nur Head-load, kein verify
  790 F2F2  3A F3FA     	LD A,(STEPRATE)
  791 F2F5  E6 03       	AND 3  			; 0,1,2,3 zulaessig
  792 F2F7  B0          	OR B  			; als Befehl kombiniert
  793 F2F8  D3 C0       	OUT (FLO),A 		; und ausfuehren
  794                   	
  795 F2FA  76          	HALT  			; wait for INT
  796                   
  797                   ;------------------------------------------------------------------------------
  798                   ; Floppy-Kernroutinen
  799                   
  800                   ; HL=address, d=track e=sector
  801                   ; b=Befehl (0=Steprate setzen, 1=read, 2=write)
  802                   ; c=Laufwerkscode
  803                   ;   aufgebaut wie Statusregister
  804                   ;   7    6    5    4    3    2    1    0
  805                   ;   sso  mot  min  dens d    d    d    d
  806                   ;   sso  = seitenauswahl (1=seite 1)
  807                   ;   mot  = motor on code (std=0)
  808                   ;   min  = 1 bei Minilaufwerken
  809                   ;   dens = 1 bei Single Dense Aufzeichnung
  810                   ; d=binaerer Laufwerkscode
  811                   ;   normalerweise nur 1,2,4,8 moeglich
  812                   ;   Kombinationen moeglich, wenn binaere
  813                   ;   Dekodierung beim Laufwerk verwendet wird
  814                   
  815 F2FB  78          SOFTEX:	LD A,B			; B = steprate
  816 F2FC  B7          	OR A
  817 F2FD  20 08       	JR NZ,SOFT1
"MC CPM-Computer Mon80V2"       			    Z80ASM 1.32 Page  15
MON80V2 Z80

  818                   
  819                   	; new set steprate (0..3 in D, SSO in bit 7)
  820 F2FF  7A          	LD A,D   		; (+80h =SSO verwenden und pruefen).
  821 F300  E6 83       	AND 83h  		; Bit 7=SSO-Flag bei Zugriffen wichtig
  822 F302  32 F3FA     	LD (STEPRATE),A		; die die zweite Seite verwenden.
  823 F305  AF          	XOR A
  824 F306  C9          	RET
  825                   
  826 F307  AF          SOFT1:	XOR A
  827 F308  32 F401     	LD (ERRCNT),A 		; Fehlerzahl 0
  828 F30B  79          	LD A,C
  829 F30C  32 F402     	LD (DRVCOD),A 		; Drive-Code
  830 F30F  E6 0F       	AND 0FH 		; fuer Vergleich
  831 F311  4F          	LD C,A  		; wieder zurueck
  832 F312  3A F403     	LD A,(CURDRV)
  833 F315  FE FF       	CP 0FFH 		; ungueltig, dann setzen noetig
  834 F317  28 14       	JR Z,NOTDEF
  835                   	
  836 F319  E6 0F       	AND 0FH 		; nur Laufwerksnummer relevant
  837 F31B  B9          	CP C  			; Vergleich ob Laufwerkewechsel
  838 F31C  CA F35B     	JP Z,NURSEEK 		; nur Seek noetig
  839 F31F  E5          	PUSH HL
  840 F320  C5          	PUSH BC
  841 F321  21 F404     	LD HL,DRVTAB 		; Basisadresse
  842 F324  4F          	LD C,A
  843 F325  06 00       	LD B,0  		; alten Laufwerktrack merken
  844 F327  09          	ADD HL,BC
  845 F328  DB C1       	IN A,(FLO+1) 		; Tracknr
  846 F32A  77          	LD (HL),A 		; und dort ablegen
  847 F32B  C1          	POP BC
  848 F32C  E1          	POP HL
  849                   
  850 F32D              notdef:				; Drive nur laden
  851 F32D  E5          	PUSH HL
  852 F32E  C5          	PUSH BC
  853 F32F  3A F402     	LD A,(DRVCOD) 		; neues Laufwerk
  854 F332  E6 0F       	AND 0FH 		; nur Laufwerkscode
  855 F334  4F          	LD C,A
  856 F335  06 00       	LD B,0
  857 F337  21 F404     	LD HL,DRVTAB 		; Tabellenstart
  858 F33A  09          	ADD HL,BC 		; hl zeigt auf Laufwerkstrack
  859 F33B  7E          	LD A,(HL)
  860 F33C  D3 C1       	OUT (FLO+1),A 		; und ins Register des FDs
  861 F33E  C1          	POP BC
  862 F33F  E1          	POP HL
  863 F340  3A F402     	LD A,(DRVCOD)
  864 F343  32 F403     	LD (CURDRV),A 		; ist nun neues Laufwerk
  865 F346  C5          	PUSH BC
  866 F347  01 00FA     	LD BC,1000*3/12		; ca 1ms warten
  867 F34A  CD F2CC     	CALL DELAY
  868 F34D  3A F402     	LD A,(DRVCOD) 		; Dann neues Laufwerk ansprechen
  869 F350  D3 C4       	OUT (FLO+4),A
  870 F352  01 0B65     	LD BC,2917		; ca 35ms .. 15ms
  871 F355  CD F2CC     	CALL DELAY		; um head-load-Zeit zu beruecksichtigen 
  872 F358  C1          	POP BC  		; alte Codes zurueck
  873 F359  18 06       	JR NUR1 		; Immer auf ready pruefen, da
  874                   				; head down sein kann und dennoch
  875                   				; nicht ready
"MC CPM-Computer Mon80V2"       			    Z80ASM 1.32 Page  16
MON80V2 Z80

  876                   
  877 F35B              nurseek:
  878 F35B  DB C4       	IN A,(FLO+4) 		; wenn head down dann kein dummyseek
  879 F35D  E6 20       	AND 20H
  880 F35F  20 0D       	JR NZ,NODUM
  881                   
  882 F361              nur1:				; immer einsprung
  883 F361  3A F402     	LD A,(DRVCOD)
  884 F364  4F          	LD C,A
  885 F365  CD F3F0     	CALL SEEKEX 		; seek selekt dummy nur fuer readytest
  886 F368  DB C0       	IN A,(FLO)		; test Status
  887 F36A  E6 80       	AND 80H 		; fuer Ready
  888 F36C  20 F3       	JR NZ,NUR1		; Wiederhole solange bis Laufwerk READY
  889                   
  890 F36E              nodum:				; Einsprung head down ok
  891 F36E  DB C1       	IN A,(FLO+1) 		; nun pruefen of Tracks gleich sind
  892 F370  FE FF       	CP 0FFH 		; nicht definiert
  893 F372  28 0F       	JR Z,TRY1 		; dann zuerst RESTORE
  894 F374  BA          	CP D  			; oder schon auf dem Track
  895 F375  CA F3A2     	JP Z,RDWR 		; ja dann nur lesen,schreiben
  896 F378              	TRY:  			; SEEK ausfuehren
  897 F378  3A F402     	LD A,(DRVCOD)
  898 F37B  4F          	LD C,A
  899 F37C  CD F3F0     	CALL SEEKEX 		; und Track anfahren Reg retten
  900 F37F  E6 90       	AND 10010000B 		; Fehlermaske
  901 F381  28 1F       	JR Z,RDWR 		; ja dann R/W moeglich
  902                   	
  903 F383              TRY1:	; Laufwerk normieren und RSTORE
  904 F383  3A F402     	LD A,(DRVCOD)
  905 F386  4F          	LD C,A
  906 F387  E5          	PUSH HL
  907 F388  D5          	PUSH DE
  908 F389  C5          	PUSH BC
  909 F38A  CD F2EA     	CALL RSTORE		; track 0
  910 F38D  C1          	POP BC
  911 F38E  D1          	POP DE
  912 F38F  E1          	POP HL
  913 F390  3A F401     	LD A,(ERRCNT) 		; Fehler erhoehen
  914 F393  3C          	INC A
  915 F394  32 F401     	LD (ERRCNT),A
  916 F397  FE 0A       	CP 10  			; bei 10 Fatal-Fehler
  917 F399  38 DD       	JR C,TRY 		; sonst nochmals mit SEEK probieren
  918                   
  919 F39B  3E FF       error1:	LD A,0FFH
  920 F39D  B7          	OR A
  921 F39E  37          	SCF  			; 0ffh, carry als Fehlerflag
  922 F39F  C9          	RET  			; ABBRUCH FATAL
  923                   
  924 F3A0              NOERR:	; return without error
  925 F3A0  AF          	XOR A
  926 F3A1  C9          	RET
  927                   
  928 F3A2              RDWR:	; execute read/write
  929 F3A2  78          	LD A,B
  930 F3A3  FE 02       	CP 2
  931 F3A5  CA F3CE     	JP Z,WRTEX		; -> execute write
  932                   
  933                   	; execute read
"MC CPM-Computer Mon80V2"       			    Z80ASM 1.32 Page  17
MON80V2 Z80

  934 F3A8  3A F402     	LD A,(DRVCOD)
  935 F3AB  4F          	LD C,A
  936 F3AC  E5          	PUSH HL
  937 F3AD  D5          	PUSH DE
  938 F3AE  C5          	PUSH BC
  939 F3AF  CD F28F     	CALL RDFLP		; read floppy
  940 F3B2  C1          	POP BC
  941 F3B3  D1          	POP DE
  942 F3B4  E1          	POP HL
  943 F3B5  E6 9C       	AND 10011100B 		; Fehlermaske incl. Lost data
  944 F3B7  28 E7       	JR Z,NOERR 		; exit without error
  945                   
  946                   	; error
  947 F3B9  E6 10       	AND 00010000B
  948 F3BB  20 C6       	JR NZ,TRY1		; record not found -> SEEK, RESTORE
  949                   
  950 F3BD  3A F401     	LD A,(ERRCNT)
  951 F3C0  3C          	INC A
  952 F3C1  32 F401     	LD (ERRCNT),A 		; CRC error
  953 F3C4  FE 05       	CP 5
  954 F3C6  38 DA       	JR C,RDWR		; less than 5, try again
  955 F3C8  FE 0A       	CP 10
  956 F3CA  38 B7       	JR C,TRY1 		; sonst rstore und seek
  957 F3CC  18 CD       	JR ERROR1 		; sonst FATAL - Fehler
  958                   
  959 F3CE              WRTEX:	; execute write
  960 F3CE  3A F402     	LD A,(DRVCOD)
  961 F3D1  4F          	LD C,A
  962 F3D2  E5          	PUSH HL
  963 F3D3  D5          	PUSH DE
  964 F3D4  C5          	PUSH BC
  965 F3D5  CD F2A9     	CALL WRFLP
  966 F3D8  C1          	POP BC
  967 F3D9  D1          	POP DE
  968 F3DA  E1          	POP HL
  969 F3DB  E6 FC       	AND 11111100B
  970 F3DD  28 C1       	JR Z,NOERR 		; alles ok
  971 F3DF  E6 10       	AND 00010000B 		; record not found
  972 F3E1  20 A0       	JR NZ,TRY1		; gleich neuen Seek ausfuehren
  973 F3E3  3A F401     	LD A,(ERRCNT)
  974 F3E6  3C          	INC A
  975 F3E7  32 F401     	LD (ERRCNT),A 
  976 F3EA  FE 04       	CP 4  			; recht bald, da i.A. nur record not fnd
  977 F3EC  38 95       	JR C,TRY1 		; daher nur 4 Versuche
  978 F3EE  18 AB       	JR ERROR1 		; FATAL FEHLER
  979                   
  980 F3F0              seekex:				; Seek ausfuehren
  981 F3F0  E5          	PUSH HL
  982 F3F1  D5          	PUSH DE
  983 F3F2  C5          	PUSH BC
  984 F3F3  CD F2D3     	CALL SEEK
  985 F3F6  C1          	POP BC
  986 F3F7  D1          	POP DE
  987 F3F8  E1          	POP HL
  988 F3F9  C9          	RET
  989                   
  990                   ;==============================================================================
  991                   ; *** ENDE der Floppy-Routinen ***
"MC CPM-Computer Mon80V2"       			    Z80ASM 1.32 Page  18
MON80V2 Z80

  992                   ;==============================================================================
  993                   ; RAM
  994                   
  995                   ; Buffer Bereich fuer Floppy-Routinen
  996                   
  997 F3FA              STEPRATE:
  998 F3FA  00          	DEFB 0    		; Merker fuer die Steprate + SSO-Option
  999 F3FB              SSOFLAG:
 1000 F3FB  00          	DEFB 0    		; zusaetzlich, dominant, fuer MINI
 1001 F3FC  0000        SP0:	DEFW 0 			; Stackmerker fuer BDOS
 1002                   				; =2, dann mit sso, sonst 0
 1003 F3FE  00 00 00    SAVINT:	DEFB 0,0,0 		; Merker fuer alten Inhalt Int-Vektor
 1004 F401  00          ERRCNT:	DEFB 0    		; Floppy error counter for retry
 1005 F402  00          DRVCOD:	DEFB 0    		; drive code
 1006 F403  FF          CURDRV:	DEFB 0FFH  		; last/current drive
 1007                   
 1008                   	; track table for 16 drives
 1009 F404  FF FF FF FF DRVTAB:	DEFB 0FFH,0ffh,0ffh,0ffh
 1010 F408  FF FF FF FF 	DEFB 0FFH,0ffh,0ffh,0ffh
 1011 F40C  FF FF FF FF 	DEFB 0FFH,0ffh,0ffh,0ffh
 1012 F410  FF FF FF FF 	DEFB 0FFH,0ffh,0ffh,0ffh
 1013                   
 1014                   ;==============================================================================
 1015                   	
 1016 F414    0064      	DEFS 100   		; local stack
 1017 F478  00          TSTACK:	DEFB 0
 1018                   
 1019                   ;==============================================================================
 1020                   ; ENDE FLO2-Routinen
 1021                   ;==============================================================================
 1022                   
 1023                   ; werden bis auf FLOC0 alle nicht verwendet ???
 1024                   
 1025 F479    0006      TASK:	DEFS 6  		;task block
 1026 F47F  0000        OLDSEC:	DEFW 0  		;frueherer sector a 128
 1027 F481  FF          IMWR:	DEFB 0ffh 		;wichtig init auf ff,wiini etc
 1028 F482    0100      HSTBUF:	DEFS 256 		;sector buffer
 1029 F582  00          IMBEF:	DEFB 0  		;befehl =1 read =2 write
 1030 F583  0000        SECTRK:	DEFW 0  		;sectoradresse a 128
 1031 F585  0000        IMDMA:	DEFW 0  		;adresse ziel,quelle
 1032 F587  00          FLOC0:	DEFB 0  		;0=FLO2, 1=FLO1
 1033                   
 1034                   ;==============================================================================
 1035                   ; IDE/CF card interface
 1036                   ;
 1037                   ; Read one IDE/CF card sector (256 bytes)
 1038                   ;
 1039                   ; Address for data in HL
 1040                   ; LBA bits 0 to 7 passed in C
 1041                   ; LBA bits 8 to 15 passed in B
 1042                   ; LBA bits 16 to 23 passed in E
 1043                   
 1044 F588              IDERD:
 1045 F588  DB 1F       IDERD1:	IN	A,(IDESTAT)	; check status
 1046 F58A  E6 80       	AND	80H		; check BSY bit
 1047 F58C  C2 F588     	JP	NZ,IDERD1	; loop until not busy
 1048                   
 1049 F58F  DB 1F       IDERD2:	IN	A,(IDESTAT)	; check	status
"MC CPM-Computer Mon80V2"       			    Z80ASM 1.32 Page  19
MON80V2 Z80

 1050 F591  E6 40       	AND	40H		; check DRDY bit
 1051 F593  CA F58F     	JP	Z,IDERD2	; loop until ready
 1052                   
 1053 F596  3E 01       	LD	A,01H		; number of sectors = 1
 1054 F598  D3 1A       	OUT	(SECCND),A	; sector count register
 1055 F59A  79          	LD	A,C
 1056 F59B  D3 1B       	OUT	(LBA7),A	; lba bits 0 - 7
 1057 F59D  78          	LD	A,B
 1058 F59E  D3 1C       	OUT	(LBA15),A	; lba bits 8 - 15
 1059 F5A0  7B          	LD	A,E
 1060 F5A1  D3 1D       	OUT	(LBA23),A	; lba bits 16 - 23
 1061 F5A3  3E E0       	LD	A,11100000B	; LBA mode, select drive 0
 1062 F5A5  D3 1E       	OUT	(IDEHEAD),A	; drive/head register
 1063 F5A7  3E 20       	LD	A,20H		; Read sector command
 1064 F5A9  D3 1F       	OUT	(IDESTAT),A
 1065                   
 1066 F5AB              IDERD3:	; wait for drq set
 1067 F5AB  DB 1F       	IN	A,(IDESTAT)	; read status
 1068 F5AD  E6 08       	AND	08H		; DRQ bit
 1069 F5AF  CA F5AB     	JP	Z,IDERD3	; loop until bit set
 1070                   	
 1071 F5B2              IDERD4:	; wait for busy clear
 1072 F5B2  DB 1F       	IN	A,(IDESTAT)
 1073 F5B4  E6 80       	AND	80H
 1074 F5B6  C2 F5B2     	JP	NZ,IDERD4
 1075                   	
 1076 F5B9  DB 1F       	IN	A,(IDESTAT)	; clear INTRQ
 1077                   
 1078 F5BB              IDERD5: ; read loop
 1079 F5BB  DB 18       	IN	A,(IDEDATA)	; get data
 1080 F5BD  77          	LD	(HL),A
 1081 F5BE  23          	INC	HL
 1082 F5BF  DB 1F       	IN	A,(IDESTAT)	; check status
 1083 F5C1  E6 08       	AND	08H		; DRQ bit
 1084 F5C3  C2 F5BB     	JP	NZ,IDERD5	; loop until cleared
 1085                   	
 1086 F5C6  C9          	RET
 1087                   			
 1088                   ;------------------------------------------------------------------------------
 1089                   ; Write one IDE/CF-card sector (256 bytes)
 1090                   ;
 1091                   ; Address of data in HL
 1092                   ; LBA bits 0 to 7 passed in C
 1093                   ; LBA bits 8 to 15 passed in B
 1094                   ; LBA bits 16 to 23 passed in E
 1095                   
 1096 F5C7              IDEWR:
 1097 F5C7  DB 1F       IDEWR1:	IN	A,(IDESTAT)	; check status
 1098 F5C9  E6 80       	AND	80H		; check BSY bit
 1099 F5CB  C2 F5C7     	JP	NZ,IDEWR1	; loop until not busy
 1100                   
 1101 F5CE  DB 1F       IDEWR2:	IN	A,(IDESTAT)	; check status
 1102 F5D0  E6 40       	AND	40H		; check DRDY bit
 1103 F5D2  CA F5CE     	JP	Z,IDEWR2	; loop until ready
 1104                   
 1105 F5D5  3E 01       	LD	A,01H		; number of sectors = 1
 1106 F5D7  D3 1A       	OUT	(SECCND),A	; sector count register
 1107 F5D9  79          	LD	A,C
"MC CPM-Computer Mon80V2"       			    Z80ASM 1.32 Page  20
MON80V2 Z80

 1108 F5DA  D3 1B       	OUT	(LBA7),A	; lba bits 0 - 7
 1109 F5DC  78          	LD	A,B
 1110 F5DD  D3 1C       	OUT	(LBA15),A	; lba bits 8 - 15
 1111 F5DF  7B          	LD	A,E
 1112 F5E0  D3 1D       	OUT	(LBA23),A	; lba bits 16 - 23
 1113 F5E2  3E E0       	LD	A,11100000B	; LBA mode, select drive 0
 1114 F5E4  D3 1E       	OUT	(IDEHEAD),A	; drive/head register
 1115 F5E6  3E 30       	LD	A,30H		; Write sector command
 1116 F5E8  D3 1F       	OUT	(IDESTAT),A
 1117                   	
 1118 F5EA              IDEWR3:	; wait for drq set
 1119 F5EA  DB 1F       	IN	A,(IDESTAT)	; read status
 1120 F5EC  E6 08       	AND	08H		; DRQ bit
 1121 F5EE  CA F5EA     	JP	Z,IDEWR3	; loop until bit set			
 1122                   
 1123 F5F1              IDEWR4:	; write loop
 1124 F5F1  7E          	LD	A,(HL)
 1125 F5F2  D3 18       	OUT	(IDEDATA),A	; write data
 1126 F5F4  23          	INC	HL
 1127 F5F5  DB 1F       	IN	A,(IDESTAT)	; read status
 1128 F5F7  E6 08       	AND	08H		; check DRQ bit
 1129 F5F9  C2 F5F1     	JP	NZ,IDEWR4	; write until bit cleared
 1130                   
 1131 F5FC              IDEWR5:	; wait for busy clear
 1132 F5FC  DB 1F       	IN	A,(IDESTAT)
 1133 F5FE  E6 80       	AND	80H
 1134 F600  C2 F5FC     	JP	NZ,IDEWR5
 1135                   
 1136 F603  DB 1F       	IN	A,(IDESTAT)	; clear INTRQ
 1137 F605  C9          	RET
 1138                   
 1139                   ;==============================================================================
 1140                   
 1141                   ; The driver section of the Monitor that is used by the CP/M BIOS ends here.
 1142                   ; The area starting here can be overwritten by CP/M, for buffers etc.
 1143                   
 1144         F606      FREEMEM EQU $
 1145                   
 1146                   ;==============================================================================
 1147                   ; Monitor start message
 1148                   
 1149 F606  0D 0A       MSG:	DEFB CR,LF
 1150                   
 1151 F608  1B 5B 32 4A 	DEFM ESC,"[2J",ESC,"[H",BELL,CR,LF
 1152 F612  20 2D 2D 2D 	DEFM " -------------------------",CR,LF
 1153 F62E  20 4D 6F 6E 	DEFM " Monitor MC COMPUTER V 8.0",CR,LF
 1154 F64A  20 20 20 52 	DEFM "   RDK/JS 1985 - UH 2026",CR,LF
 1155 F664  20 2D 2D 2D 	DEFM	" -------------------------",CR,LF,LF
 1156 F681  20 42 6F 6F 	DEFM " Bootmenue = I",CR,LF,LF,0
 1157         008D      	MSGL EQU $-MSG
 1158                   
 1159 F693              INIT1:	; only called once
 1160                   
 1161                   ; Init SIO on OUT-Board
 1162                   
 1163 F693  0E F1       	LD C,SA_STS
 1164 F695  06 08       	LD B,8
 1165 F697  21 F6A7     	LD HL,TABSIOA
"MC CPM-Computer Mon80V2"       			    Z80ASM 1.32 Page  21
MON80V2 Z80

 1166 F69A  ED B3       	OTIR
 1167                   	
 1168 F69C  0E F3       	LD C,SB_STS
 1169 F69E  06 08       	LD B,8
 1170 F6A0  21 F6AF     	LD HL,TABSIOB
 1171 F6A3  ED B3       	OTIR
 1172                   	
 1173 F6A5  18 10       	JR SKSKL
 1174                   
 1175 F6A7              TABSIOA:
 1176 F6A7  01 00       	DEFB 1,0
 1177 F6A9  03 E1       	DEFB 3,11100001B	; -CTS UND -DCD ENABLE rev 3.4 term1
 1178 F6AB  04 4C       	DEFB 4,01001100B
 1179 F6AD  05 EA       	DEFB 5,11101010B	; dtr rts +12V bedeutet ready rev 3.4
 1180                   
 1181 F6AF              TABSIOB:
 1182 F6AF  01 00       	DEFB 1,0
 1183 F6B1  03 E1       	DEFB 3,11100001B	; -CTS UND -DCD ENABLE
 1184 F6B3  04 4C       	DEFB 4,01001100B
 1185 F6B5  05 EA       	DEFB 5,11101010B	; dtr rts +12V bedeutet ready rev 3.4
 1186                   
 1187                   ;------------------------------------------------------------------------------
 1188                   
 1189                   ; Init 8251 (D71051c) on CPU-Board
 1190                   
 1191 F6B7              SKSKL:
 1192                   ;INIT_UART:
 1193 F6B7  AF          	XOR	A		; lt. Datenblatt erst mal "aufwecken"
 1194 F6B8  D3 21       	OUT	(U_STS),A	; SyncMode
 1195 F6BA  D3 21       	OUT	(U_STS),A	; SyncMode
 1196 F6BC  D3 21       	OUT	(U_STS),A	; SyncMode
 1197                   
 1198 F6BE  3E 40       	LD	A,40H		; Reset
 1199 F6C0  D3 21       	OUT	(U_STS),A	; UART Status Port
 1200                   
 1201 F6C2  3E 4E       	LD	A,04EH		; BAUD x16, 8,1,n
 1202 F6C4  D3 21       	OUT	(U_STS),A	; UART Status Port
 1203 F6C6  3E 37       	LD	A,37H		; Cmd: TXE,RXE,RTS=LOW,DSR=LOW
 1204 F6C8  D3 21       	OUT	(U_STS),A	; UART Status Port
 1205                   					
 1206                   ;------------------------------------------------------------------------------
 1207                   ; Monitor cold start
 1208                   
 1209 F6CA  3A 7000     COLD:	LD A,(7000H)		; activate RAM below 8000h
 1210 F6CD  AF          	XOR A			; switch all input/output to console
 1211 F6CE  32 F14C     	LD (IOBYT),A
 1212                   
 1213 F6D1  31 F6D5     	LD SP,AHEAD-4		; dirty stack hack ???, use AHEAD as return address?
 1214 F6D4  C3 F119     	JP MEMSIZB
 1215                   
 1216 F6D7  F6D9        	DEFW AHEAD
 1217                   
 1218 F6D9  F9          AHEAD:	LD SP,HL		; set stack to end of memory, but before F000h
 1219 F6DA  EB          	EX DE,HL
 1220 F6DB  01 0023     	LD BC,ENDX-EXIT
 1221 F6DE  21 FDDB     	LD HL,EXIT
 1222 F6E1  ED B0       	LDIR
 1223 F6E3  EB          	EX DE,HL
"MC CPM-Computer Mon80V2"       			    Z80ASM 1.32 Page  22
MON80V2 Z80

 1224 F6E4  01 FFA1     	LD BC,-5FH
 1225 F6E7  09          	ADD HL,BC
 1226 F6E8  E5          	PUSH HL
 1227 F6E9  21 0000     	LD HL,0
 1228 F6EC  06 0A       	LD B,10 		; REGISTER
 1229                   
 1230 F6EE  E5          STKIT:	PUSH HL
 1231 F6EF  10 FD       	DJNZ STKIT
 1232                   
 1233 F6F1  0E 1A       HELLO:	LD C,1AH
 1234 F6F3  CD F0AD     	CALL CONOUT
 1235 F6F6  06 8D       	LD B,MSGL
 1236 F6F8  CD FB76     	CALL TOM1
 1237                   
 1238                   	;----------------------------------------------------------------------
 1239                   	
 1240 F6FB              WARM:	; main input loop
 1241                   
 1242 F6FB  11 F6FB     WARM:	LD DE,WARM
 1243 F6FE  D5          	PUSH DE
 1244 F6FF  CD FBEB     	CALL CRLF
 1245 F702  0E 3E       	LD C,'>'
 1246 F704  CD F0AD     	CALL CONOUT
 1247                   	
 1248 F707  CD FD69     WARM1:	CALL TI
 1249 F70A  E6 7F       	AND 7FH
 1250 F70C  28 F9       	JR Z,WARM1
 1251                   	
 1252 F70E  D6 41       	SUB 'A'
 1253 F710  F8          	RET M
 1254 F711  FE 1A       	CP 'Z'-'A'+1
 1255 F713  D0          	RET NC
 1256 F714  87          	ADD A,A
 1257 F715  21 F725     	LD HL,TBL
 1258 F718  85          	ADD A,L
 1259 F719  6F          	LD L,A
 1260 F71A  7C          	LD A,H
 1261 F71B  CE 00       	ADC A,0
 1262 F71D  67          	LD H,A
 1263 F71E  7E          	LD A,(HL)
 1264 F71F  23          	INC HL
 1265 F720  66          	LD H,(HL)
 1266 F721  6F          	LD L,A
 1267 F722  0E 02       	LD C,2
 1268 F724  E9          	JP (HL)		; execute monitor command
 1269                   
 1270                   ;------------------------------------------------------------------------------
 1271                   ; Befehlstabelle
 1272                   ; enthaelt alle Monitorbefehle
 1273                   
 1274 F725  F800        TBL:	DEFW ASSIGN	; A
 1275 F727  F84B        	DEFW BYE	; B
 1276 F729  F878        	DEFW COMP	; C
 1277 F72B  F899        	DEFW DISP	; D
 1278 F72D  F8B0        	DEFW EOF	; E
 1279 F72F  F8CC        	DEFW FILL	; F
 1280 F731  F8D9        	DEFW GOTO	; G
 1281 F733  FC3F        	DEFW HEXN	; H
"MC CPM-Computer Mon80V2"       			    Z80ASM 1.32 Page  23
MON80V2 Z80

 1282 F735  F78D        	DEFW BOOT	; I
 1283 F737  F927        	DEFW TEST	; J
 1284 F739  F153        	DEFW KEXEC	; K
 1285 F73B  FCB6        	DEFW LOAD	; L
 1286 F73D  F945        	DEFW MOVE	; M
 1287 F73F  FBD8        	DEFW NULL	; N
 1288 F741  F14D        	DEFW OEXEC	; O
 1289 F743  F859        	DEFW PUTA	; P
 1290 F745  FD8A        	DEFW QUERY	; Q
 1291 F747  F950        	DEFW READ	; R
 1292 F749  FA09        	DEFW SUBST	; S
 1293 F74B  FA32        	DEFW TYPE	; T
 1294 F74D  FBC3        	DEFW UNLOAD	; U
 1295 F74F  FDB5        	DEFW VERIFY	; V
 1296 F751  FA9A        	DEFW WRITE	; W
 1297 F753  FAD7        	DEFW XAM	; X
 1298 F755  FA52        	DEFW WHERE	; Y
 1299 F757  FBA7        	DEFW SIZE	; Z
 1300                   
 1301                   ;------------------------------------------------------------------------------
 1302                   ; BOOT FLOPPY HARD/SOFT/MINI
 1303                   
 1304 F759              BOOTMSG:
 1305 F759  0D 0A 0A    	DEFB CR,LF,LF
 1306 F75C  46 4C 4F 32 	DEFM "FLO2-Boot = 1, IDE/CF Karte = 2, FLO1-Boot = 3 : " 
 1307         0034      FLPL	EQU $-BOOTMSG
 1308                   
 1309 F78D  CD F208     BOOT:	CALL INIFLP 	; Vektoren etc definieren
 1310 F790  21 F759     	LD HL,BOOTMSG 	; Meldung ausgeben
 1311 F793  06 34       	LD B,FLPL 	 
 1312 F795  CD FB79     	CALL TOM 	; dann Antwort abwarten
 1313 F798  CD F084     	CALL CONIN
 1314 F79B  E6 7F       	AND 7FH  	; ohne Paritaet
 1315 F79D  4F          	LD C,A
 1316 F79E  CD F0AD     	CALL CONOUT		; echo
 1317 F7A1  CD FBEB     	CALL CRLF
 1318                   	
 1319 F7A4  FE 49       	CP "I"  	; I-Vektor fuer Benutzerbefehl
 1320 F7A6  CA F150     	JP Z,IEXEC	; 'I'
 1321                   	
 1322 F7A9  FE 32       	CP "2"
 1323 F7AB  28 45       	JR Z,IDE_CF	; '2' -> IDE-CF Boot
 1324                   	
 1325 F7AD  FE 33       	CP '3'
 1326 F7AF  C2 F7BA     	JP NZ,BOOT1
 1327                   	
 1328                   	; '3' = FLO1
 1329 F7B2  3E 01       	LD A,1
 1330 F7B4  32 F587     	LD (FLOC0),A	; 1 = FLO1
 1331 F7B7  C3 F7C9     	JP BOOT3
 1332                   	
 1333 F7BA  FE 31       BOOT1:	CP '1' 
 1334 F7BC  C2 F7C6     	JP NZ,BOOT2
 1335                   	
 1336                   	; '1' = FLO2
 1337 F7BF  AF          	XOR A
 1338 F7C0  32 F587     	LD (FLOC0),A 	; 0 = FLO2
 1339 F7C3  C3 F7C9     	JP BOOT3
"MC CPM-Computer Mon80V2"       			    Z80ASM 1.32 Page  24
MON80V2 Z80

 1340                   
 1341 F7C6  C3 FB8B     BOOT2:	JP ERROR
 1342                   
 1343 F7C9              BOOT3:
 1344                   
 1345                   ;+++++++++++++++++++++++++++++++++++++++++++++++++++++++++++		
 1346                   ; Ueberspringt autom. Format Erkennung bei boot 
 1347                   ; fuer original lvschen oder auskommentieren
 1348                   ; 2026 geaendert wg. Boot von DD Disketten
 1349                   ; FLO1/FLO2 in A
 1350                   
 1351 F7C9  0E 21       	LD C,00100001B 	; immer von Laufwerk A Mini Floppy Seite 0, DD booten
 1352 F7CB  21 0080     	LD HL,80H	; SD, load 128 byte boot sector to address 0080h
 1353 F7CE  C3 F7E3     	JP EXEC1
 1354                   	
 1355                   ; Ende +++++++++++++++++++++++++++++++++++++++++++++++++++++
 1356                   			; automatisch Format bestimmen, REV 1.1
 1357 F7D1  0E 01       	LD C,00000001b 	; immer von Laufwerk A  Seite 0 booten
 1358 F7D3  CD F156     	CALL GETFL	; Formatierung bestimmen
 1359 F7D6  DA FB8B     	JP C,ERROR	; bei Fehler zurueck ins Menue	
 1360 F7D9  21 0080     	LD HL,80H 	; bei einfacher Dichte nach 80h
 1361 F7DC  CB 61       	BIT 4,C  	; =0, dann dd, sonst sd
 1362 F7DE  20 03       	JR NZ,EXEC1 	; sd
 1363 F7E0  21 FC00     	LD HL,0FC00H 	; sonst 1K Block ggf. dorthin.
 1364                   ; Ende +++++++++++++++++++++++++++++++++++++++++++++++++++++
 1365                   
 1366 F7E3  E5          EXEC1:	PUSH HL 	; rev (1.5) 1.1
 1367 F7E4  06 01       	LD B,1  	; lesen
 1368 F7E6  16 00       	LD D,0  	; track 0
 1369 F7E8  1E 01       	LD E,1  	; sektor 1
 1370 F7EA  CD F213     	CALL FLOP
 1371 F7ED  E1          	POP HL  	; Boot sector address
 1372 F7EE  C2 FB8B     	JP NZ,ERROR
 1373                   	
 1374 F7F1  E9          	JP (HL) 	; Boot sector ausfuehren
 1375                   
 1376                   ;------------------------------------------------------------------------------
 1377                   
 1378 F7F2  21 8000     IDE_CF:	LD HL,08000h	; laedt Bootloader von IDE/ATA Disk
 1379                   			; in die RAM Adresse 08000h
 1380 F7F5  01 0000     	LD BC,0000h	; LBA 0
 1381 F7F8  1E 00       	LD E,00H
 1382 F7FA  CD F588     	CALL IDERD
 1383 F7FD  C3 8000     	JP 08000H	; Boot sector ausfuehren
 1384                   
 1385                   ;------------------------------------------------------------------------------
 1386                   ; Monitor command ASSIGN
 1387                   
 1388                   ; assign IOBYTE
 1389                   ; 000000XX CONSOLE
 1390                   ; 0000XX00 READER
 1391                   ; 00XX0000 PUNCH
 1392                   ; XX000000 LISTER
 1393                   ; 00= TELETYPE CONS
 1394                   
 1395 F800  CD FD69     ASSIGN:	CALL TI
 1396 F803  21 FDC7     	LD HL,LTBL
 1397 F806  01 0400     	LD BC,400H
"MC CPM-Computer Mon80V2"       			    Z80ASM 1.32 Page  25
MON80V2 Z80

 1398 F809  11 0005     	LD DE,5
 1399                   
 1400 F80C  BE          ASSIG1:	CP (HL)
 1401 F80D  28 06       	JR Z,ASSIG2
 1402                   	
 1403 F80F  19          	ADD HL,DE
 1404 F810  0C          	INC C
 1405 F811  10 F9       	DJNZ ASSIG1
 1406 F813  18 15       	JR ASSIG5
 1407                   	
 1408 F815  59          ASSIG2:	LD E,C
 1409                   
 1410 F816  CD FD69     ASSIG3:	CALL TI
 1411 F819  FE 3D       	CP "="
 1412 F81B  20 F9       	JR NZ,ASSIG3
 1413                   	
 1414 F81D  CD FD69     	CALL TI
 1415 F820  01 0400     	LD BC,400H
 1416                   
 1417 F823  23          ASSIG4:	INC HL
 1418 F824  BE          	CP (HL)
 1419 F825  28 06       	JR Z,ASSIG6
 1420                   	
 1421 F827  0C          	INC C
 1422 F828  10 F9       	DJNZ ASSIG4
 1423                   	
 1424 F82A              ASSIG5:	; error
 1425 F82A  C3 FB8B     	JP ERROR
 1426                   	
 1427 F82D  3E 03       ASSIG6:	LD A,3
 1428 F82F  1C          	INC E
 1429                   
 1430 F830  1D          ASSIG7:	DEC E
 1431 F831  28 08       	JR Z,ASSIG8
 1432                   	
 1433 F833  CB 21       	SLA  C
 1434 F835  CB 21       	SLA  C
 1435 F837  17          	RLA
 1436 F838  17          	RLA
 1437 F839  18 F5       	JR ASSIG7
 1438                   	
 1439 F83B  2F          ASSIG8:	CPL
 1440 F83C  57          	LD D,A
 1441                   	
 1442 F83D  CD FCA1     ASSIG9:	CALL PCHK
 1443 F840  30 FB       	JR NC,ASSIG9
 1444 F842  3A F14C     	LD A,(IOBYT)
 1445 F845  A2          	AND D
 1446 F846  B1          	OR C
 1447 F847  4F          	LD C,A
 1448 F848  C3 F106     	JP IOSET
 1449                   
 1450                   ;------------------------------------------------------------------------------
 1451                   ; Monitor command BYE
 1452                   
 1453 F84B  CD FBEB     BYE:	CALL CRLF
 1454                   
 1455 F84E  CD FD63     BYE1:	CALL CONIN7	; In HEX Dump 1E 
"MC CPM-Computer Mon80V2"       			    Z80ASM 1.32 Page  26
MON80V2 Z80

 1456 F851  FE 0E       	CP 0EH  	; CRTL-N ist 0Eh
 1457 F853  20 F9       	JR NZ,BYE1 	; gaendert gegenueber MC-Vers
 1458                   
 1459 F855  D1          	POP DE
 1460 F856  C3 F6F1     	JP HELLO
 1461                   
 1462                   ;------------------------------------------------------------------------------
 1463                   ; Monitor command PUT ASCII
 1464                   ; PUT ASCII INTO MEM
 1465                   ; Texte direkt in den Speicher eingeben
 1466                   
 1467 F859  CD FC00     PUTA:	CALL EXPR1
 1468 F85C  CD FBEB     	CALL CRLF
 1469 F85F  E1          	POP HL
 1470                   
 1471 F860  CD FD63     PUTA1:	CALL CONIN7
 1472 F863  FE 04       	CP 4  		; Beenden der Eingabe CTRL-D
 1473 F865  CA FBAE     	JP Z,LFADR
 1474 F868  FE 5F       	CP "_"  	; Rueckwaertsschritt
 1475 F86A  28 08       	JR Z,PUTA3
 1476                   	
 1477 F86C  77          	LD (HL),A
 1478 F86D  4F          	LD C,A
 1479 F86E  23          	INC HL
 1480                   
 1481 F86F  CD F0AD     PUTA2:	CALL CONOUT
 1482 F872  18 EC       	JR PUTA1
 1483                   
 1484 F874  2B          PUTA3:	DEC HL
 1485 F875  4E          	LD C,(HL)
 1486 F876  18 F7       	JR PUTA2
 1487                   
 1488                   ;------------------------------------------------------------------------------
 1489                   ; Monitor command COMPARE
 1490                   ;
 1491                   ; COMPARE BIN
 1492                   ; Vergleich eines Speicherbereichs mit dem Reader
 1493                   
 1494 F878  CD FBE6     COMP:	CALL EXLF
 1495                   
 1496 F87B  CD FBA0     COMP1:	CALL RIFF	; Reader in
 1497 F87E  BE          	CP (HL)
 1498 F87F  C4 F887     	CALL NZ,CERR
 1499                   	
 1500 F882  CD FC2F     	CALL HILOX	; -> check HL, RET
 1501 F885  18 F4       	JR COMP1
 1502                   
 1503                   	; M AUSGABE
 1504                   
 1505 F887              CERR:	; error
 1506 F887  47          	LD B,A
 1507 F888  CD FBB1     	CALL HLSP
 1508 F88B  7E          	LD A,(HL)
 1509 F88C  CD FC50     	CALL LBYTE
 1510 F88F  CD FBB4     	CALL BLK
 1511 F892  78          	LD A,B
 1512 F893  CD FC50     	CALL LBYTE
 1513 F896  C3 FBEB     	JP CRLF
"MC CPM-Computer Mon80V2"       			    Z80ASM 1.32 Page  27
MON80V2 Z80

 1514                   
 1515                   ;------------------------------------------------------------------------------
 1516                   ; Monitor command DISPLAY
 1517                   ; Ausgabe eines Speicherbereichs
 1518                   
 1519 F899  CD FBE6     DISP:	CALL EXLF
 1520                   
 1521 F89C  CD FBAE     DISP1:	CALL LFADR
 1522                   
 1523 F89F  CD FBB4     DISP2:	CALL BLK
 1524 F8A2  7E          	LD A,(HL)
 1525 F8A3  CD FC50     	CALL LBYTE
 1526 F8A6  CD FC2F     	CALL HILOX	; -> check HL, RET
 1527 F8A9  7D          	LD A,L
 1528 F8AA  E6 0F       	AND 0FH
 1529 F8AC  20 F1       	JR NZ,DISP2
 1530                   	
 1531 F8AE  18 EC       	JR DISP1
 1532                   
 1533                   ;------------------------------------------------------------------------------
 1534                   ; Monitor command EOF
 1535                   ; Output EOF for Punch
 1536                   ; Intel-Hex Ende ausgeben
 1537                   
 1538 F8B0  CD FC00     EOF:	CALL EXPR1
 1539 F8B3  CD FBB9     	CALL PEOL
 1540 F8B6  0E 3A       	LD C,':'
 1541 F8B8  CD F0C1     	CALL PUNOUT
 1542 F8BB  AF          	XOR A
 1543 F8BC  CD FC85     	CALL PBYTE
 1544 F8BF  E1          	POP HL
 1545 F8C0  CD FC80     	CALL PADR
 1546 F8C3  21 0000     	LD HL,0
 1547 F8C6  CD FC80     	CALL PADR
 1548 F8C9  C3 FBD8     	JP NULL
 1549                   
 1550                   ;------------------------------------------------------------------------------
 1551                   ; Monitor command FILL
 1552                   ; Einen Speicherbereich mit einem Wert fuellen
 1553                   
 1554 F8CC  CD FBF5     FILL:	CALL EXPR3
 1555                   
 1556 F8CF  71          FILL1:	LD (HL),C
 1557 F8D0  CD FC35     	CALL HILO
 1558 F8D3  30 FA       	JR NC,FILL1
 1559                   	
 1560 F8D5  D1          	POP DE
 1561 F8D6  C3 F6FB     	JP WARM
 1562                   
 1563                   ;------------------------------------------------------------------------------
 1564                   ; Monitor command GOTO
 1565                   ; Start eines Anwenderprogramms mit Break-Points
 1566                   
 1567 F8D9  CD FCA1     GOTO:	CALL PCHK
 1568 F8DC  38 40       	JR C,GOTO5
 1569 F8DE  28 10       	JR Z,GOTO1
 1570                   	
 1571 F8E0  CD FC27     	CALL EXF
"MC CPM-Computer Mon80V2"       			    Z80ASM 1.32 Page  28
MON80V2 Z80

 1572 F8E3  D1          	POP DE
 1573 F8E4  21 0034     	LD HL,PLOC
 1574 F8E7  39          	ADD HL,SP
 1575 F8E8  72          	LD (HL),D
 1576 F8E9  2B          	DEC HL
 1577 F8EA  73          	LD (HL),E
 1578 F8EB  78          	LD A,B
 1579 F8EC  FE 0D       	CP 0DH
 1580 F8EE  28 2E       	JR Z,GOTO5
 1581                   
 1582 F8F0  16 02       GOTO1:	LD D,2
 1583 F8F2  21 0035     	LD HL,TLOC
 1584 F8F5  39          	ADD HL,SP
 1585                   
 1586 F8F6  E5          GOTO2:	PUSH HL
 1587 F8F7  CD FC00     	CALL EXPR1
 1588 F8FA  58          	LD E,B
 1589 F8FB  C1          	POP BC
 1590 F8FC  E1          	POP HL
 1591 F8FD  78          	LD A,B
 1592 F8FE  B1          	OR C
 1593 F8FF  28 0A       	JR Z,GOTO3
 1594                   	
 1595 F901  71          	LD (HL),C
 1596 F902  23          	INC HL
 1597 F903  70          	LD (HL),B
 1598 F904  23          	INC HL
 1599 F905  0A          	LD A,(BC)
 1600 F906  77          	LD (HL),A
 1601 F907  23          	INC HL
 1602 F908  3E FF       	LD A,0FFH
 1603 F90A  02          	LD (BC),A
 1604                   
 1605 F90B  7B          GOTO3:	LD A,E
 1606 F90C  FE 0D       	CP 0DH
 1607 F90E  28 03       	JR Z,GOTO4
 1608                   
 1609 F910  15          	DEC D
 1610 F911  20 E3       	JR NZ,GOTO2
 1611                   
 1612 F913  3E C3       GOTO4:	LD A,0C3H 	; Rueckkehr mit RST7 vorbereiten
 1613 F915  32 0038     	LD (RST7),A
 1614 F918  21 F01E     	LD HL,TRAP
 1615 F91B  22 0039     	LD (RST7+1),HL
 1616                   
 1617 F91E  CD FBEB     GOTO5:	CALL CRLF
 1618 F921  D1          	POP DE
 1619 F922  21 0016     	LD HL,22
 1620 F925  39          	ADD HL,SP
 1621 F926  E9          	JP (HL)  	; und Programm starten
 1622                   	
 1623                   ;------------------------------------------------------------------------------
 1624                   ; Monitor command TEST
 1625                   ; FAST Complement Test fuer den Speicher
 1626                   
 1627 F927  CD FBE6     TEST:	CALL EXLF
 1628 F92A              TEST1:
 1629 F92A  7E          	LD A,(HL)
"MC CPM-Computer Mon80V2"       			    Z80ASM 1.32 Page  29
MON80V2 Z80

 1630 F92B  47          	LD B,A
 1631 F92C  2F          	CPL
 1632 F92D  77          	LD (HL),A
 1633 F92E  AE          	XOR (HL)
 1634 F92F  28 0E       	JR Z,TEST2
 1635                   	
 1636 F931  D5          	PUSH DE
 1637 F932  50          	LD D,B
 1638 F933  5F          	LD E,A
 1639 F934  CD FBB1     	CALL HLSP
 1640 F937  CD FD9C     	CALL BITS
 1641 F93A  CD FBEB     	CALL CRLF
 1642 F93D  42          	LD B,D
 1643 F93E  D1          	POP DE
 1644                   
 1645 F93F  70          TEST2:	LD (HL),B
 1646 F940  CD FC2F     	CALL HILOX	; -> check HL, RET
 1647 F943  18 E5       	JR TEST1
 1648                   	
 1649                   ;------------------------------------------------------------------------------
 1650                   ; Monitor command MOVE
 1651                   ; Speicherbereich verschieben
 1652                   
 1653 F945  CD FBF5     MOVE:	CALL EXPR3
 1654                   
 1655 F948  7E          MOVE1:	LD A,(HL)
 1656 F949  02          	LD (BC),A
 1657 F94A  03          	INC BC
 1658 F94B  CD FC2F     	CALL HILOX	; -> check HL, RET
 1659 F94E  18 F8       	JR MOVE1
 1660                   	
 1661                   ;------------------------------------------------------------------------------
 1662                   ; Monitor command READ
 1663                   ; Einlesen von Intel-Hex oder TDL-Daten
 1664                   
 1665 F950  CD FC00     READ:	CALL EXPR1
 1666 F953  78          	LD A,B
 1667 F954  D6 0D       	SUB 0DH
 1668 F956  47          	LD B,A
 1669 F957  4F          	LD C,A
 1670 F958  D1          	POP DE
 1671 F959  28 04       	JR Z,READ1
 1672                   	
 1673 F95B  CD FC00     	CALL EXPR1
 1674 F95E  C1          	POP BC
 1675                   
 1676 F95F  EB          READ1:	EX DE,HL
 1677 F960  D9          	EXX
 1678 F961  CD FBEB     	CALL CRLF
 1679                   
 1680 F964  CD FCB0     READ2:	CALL RIX
 1681 F967  D6 3A       	SUB ':'
 1682 F969  47          	LD B,A
 1683 F96A  E6 FE       	AND 0FEH
 1684 F96C  20 F6       	JR NZ,READ2
 1685                   	
 1686 F96E  57          	LD D,A
 1687 F96F  CD F9EA     	CALL SBYTE
"MC CPM-Computer Mon80V2"       			    Z80ASM 1.32 Page  30
MON80V2 Z80

 1688 F972  5F          	LD E,A
 1689 F973  CD F9EA     	CALL SBYTE
 1690 F976  F5          	PUSH AF
 1691 F977  CD F9EA     	CALL SBYTE
 1692 F97A  D9          	EXX
 1693 F97B  D1          	POP DE
 1694 F97C  5F          	LD E,A
 1695 F97D  C5          	PUSH BC
 1696 F97E  D5          	PUSH DE
 1697 F97F  E5          	PUSH HL
 1698 F980  19          	ADD HL,DE
 1699 F981  E3          	EX (SP),HL
 1700 F982  DD E1       	POP IX
 1701 F984  D9          	EXX
 1702 F985  E1          	POP HL
 1703 F986  CD F9EA     	CALL SBYTE
 1704 F989  3D          	DEC A
 1705 F98A  78          	LD A,B
 1706 F98B  C1          	POP BC
 1707 F98C  20 03       	JR NZ,READ3
 1708                   	
 1709 F98E  09          	ADD HL,BC
 1710 F98F  DD 09       	ADD IX,BC
 1711                   
 1712 F991              READ3:	; arepa
 1713 F991  1C          	INC E
 1714 F992  1D          	DEC E
 1715 F993  28 19       	JR Z,READ7
 1716 F995  3D          	DEC A
 1717 F996  28 22       	JR Z,READ8
 1718                   
 1719 F998  CD F9EA     READ4:	CALL SBYTE
 1720 F99B  CD F9FD     	CALL STORE
 1721 F99E  20 F8       	JR NZ,READ4
 1722                   
 1723 F9A0  CD F9EA     READ5:	CALL SBYTE
 1724 F9A3  28 BF       	JR Z,READ2
 1725                   	
 1726 F9A5              READ6:	; err
 1727 F9A5  DD E5       	PUSH IX
 1728 F9A7  E1          	POP HL
 1729 F9A8  CD FC4B     	CALL LADR
 1730 F9AB  C3 FB8B     	JP ERROR
 1731                   	
 1732 F9AE              READ7:	; done
 1733 F9AE  7C          	LD A,H
 1734 F9AF  B5          	OR  L
 1735 F9B0  C8          	RET Z
 1736 F9B1  EB          	EX DE,HL
 1737 F9B2  21 0034     	LD HL,PLOC
 1738 F9B5  39          	ADD HL,SP
 1739 F9B6  72          	LD (HL),D
 1740 F9B7  2B          	DEC HL
 1741 F9B8  73          	LD (HL),E
 1742 F9B9  C9          	RET
 1743                   	
 1744 F9BA  2E 01       READ8:	LD L,1
 1745                   
"MC CPM-Computer Mon80V2"       			    Z80ASM 1.32 Page  31
MON80V2 Z80

 1746 F9BC  CD F9DA     READ9:	CALL READ12
 1747 F9BF  38 07       	JR C,READ11
 1748                   
 1749 F9C1  CD F9FD     READ10:	CALL STORE
 1750 F9C4  20 F6       	JR NZ,READ9
 1751 F9C6  18 D8       	JR READ5
 1752                   
 1753 F9C8  4F          READ11:	LD C,A
 1754 F9C9  CD F9DA     	CALL READ12
 1755 F9CC  47          	LD B,A
 1756 F9CD  D9          	EXX
 1757 F9CE  C5          	PUSH BC
 1758 F9CF  D9          	EXX 
 1759 F9D0  E3          	EX (SP),HL
 1760 F9D1  09          	ADD HL,BC
 1761 F9D2  7D          	LD A,L
 1762 F9D3  CD F9FD     	CALL STORE
 1763 F9D6  7C          	LD A,H
 1764 F9D7  E1          	POP HL
 1765 F9D8  18 E7       	JR READ10
 1766                   
 1767 F9DA  2D          READ12:	DEC L
 1768 F9DB  20 07       	JR NZ,READ13
 1769                   	
 1770 F9DD  CD F9EA     	CALL SBYTE
 1771 F9E0  1D          	DEC E
 1772 F9E1  67          	LD H,A
 1773 F9E2  2E 08       	LD L,8
 1774                   
 1775 F9E4  CD F9EA     READ13:	CALL SBYTE
 1776 F9E7  CB 24       	SLA H
 1777 F9E9  C9          	RET
 1778                   
 1779                   ;------------------------------------------------------------------------------
 1780                   
 1781 F9EA              SBYTE:	; sbyte
 1782 F9EA  C5          	PUSH BC
 1783 F9EB  CD FC6D     	CALL RIBBLE
 1784 F9EE  07          	RLCA
 1785 F9EF  07          	RLCA
 1786 F9F0  07          	RLCA
 1787 F9F1  07          	RLCA
 1788 F9F2  4F          	LD C,A
 1789 F9F3  CD FC6D     	CALL RIBBLE
 1790 F9F6  B1          	OR C
 1791 F9F7  4F          	LD C,A
 1792 F9F8  82          	ADD A,D
 1793 F9F9  57          	LD D,A
 1794 F9FA  79          	LD  A,C
 1795 F9FB  C1          	POP BC
 1796 F9FC  C9          	RET
 1797                   
 1798                   ;------------------------------------------------------------------------------
 1799                   
 1800 F9FD              STORE:	; store
 1801 F9FD  DD 77 00    	LD (IX+0),A
 1802 FA00  DD BE 00    	CP (IX+0)
 1803 FA03  20 A0       	JR NZ,READ6
"MC CPM-Computer Mon80V2"       			    Z80ASM 1.32 Page  32
MON80V2 Z80

 1804 FA05  DD 23       	INC IX
 1805 FA07  1D          	DEC E
 1806 FA08  C9          	RET
 1807                   	
 1808                   ;------------------------------------------------------------------------------
 1809                   ; Monitor command SUBST
 1810                   ; Interaktive Eingabe von Hex-Werten
 1811                   
 1812 FA09  CD FC00     SUBST:	CALL EXPR1
 1813 FA0C  E1          	POP HL
 1814                   	
 1815 FA0D  7E          SUBST1:	LD A,(HL)
 1816 FA0E  CD FC50     	CALL LBYTE
 1817 FA11  CD FC9C     	CALL COPCK
 1818 FA14  D8          	RET C
 1819 FA15  28 0F       	JR Z,SUBST2
 1820 FA17  FE 5F       	CP '_'
 1821 FA19  28 14       	JR Z,SUBST4
 1822                   	
 1823 FA1B  E5          	PUSH HL
 1824 FA1C  CD FC27     	CALL EXF
 1825 FA1F  D1          	POP DE
 1826 FA20  E1          	POP HL
 1827 FA21  73          	LD (HL),E
 1828 FA22  78          	LD A,B
 1829 FA23  FE 0D       	CP 0DH
 1830 FA25  C8          	RET Z
 1831                   
 1832 FA26  23          SUBST2:	INC HL
 1833                   
 1834 FA27  7D          SUBST3:	LD A,L
 1835 FA28  E6 07       	AND 7
 1836 FA2A  CC FBAE     	CALL Z,LFADR
 1837 FA2D  18 DE       	JR SUBST1
 1838                   
 1839 FA2F  2B          SUBST4:	DEC HL
 1840 FA30  18 F5       	JR SUBST3
 1841                   	
 1842                   ;------------------------------------------------------------------------------
 1843                   ; Monitor command TYPE
 1844                   ; Ausgabe von Speicherbereichen in lesbarer Form
 1845                   ;
 1846 FA32  CD FBE6     TYPE:	CALL EXLF
 1847                   
 1848 FA35  CD FBAE     TYPE1:	CALL LFADR
 1849 FA38  06 40       	LD B,32+32
 1850                   
 1851 FA3A  7E          TYPE2:	LD A,(HL)
 1852 FA3B  E6 7F       	AND 7FH
 1853 FA3D  FE 20       	CP ' '
 1854 FA3F  30 02       	JR NC,TYPE4
 1855                   
 1856 FA41  3E 2E       TYPE3:	LD A,'.'
 1857                   
 1858 FA43  FE 7C       TYPE4:	CP 7CH
 1859 FA45  30 FA       	JR NC,TYPE3
 1860                   	
 1861 FA47  4F          	LD C,A
"MC CPM-Computer Mon80V2"       			    Z80ASM 1.32 Page  33
MON80V2 Z80

 1862 FA48  CD F0AD     	CALL CONOUT
 1863 FA4B  CD FC2F     	CALL HILOX
 1864 FA4E  10 EA       	DJNZ TYPE2
 1865                   	
 1866 FA50  18 E3       	JR TYPE1
 1867                   	
 1868                   ;------------------------------------------------------------------------------
 1869                   ; Monitor command SEARCH
 1870                   ; Suchen von Werten im Speicher
 1871                   ;
 1872 FA52  16 00       WHERE:	LD D,0
 1873                   
 1874 FA54  CD FC00     WHER1:	CALL EXPR1
 1875 FA57  E1          	POP HL
 1876 FA58  65          	LD H,L
 1877 FA59  E5          	PUSH HL
 1878 FA5A  33          	INC  SP
 1879 FA5B  14          	INC D
 1880 FA5C  78          	LD A,B
 1881 FA5D  D6 0D       	SUB 0DH
 1882 FA5F  20 F3       	JR NZ,WHER1
 1883 FA61  47          	LD B,A
 1884 FA62  4F          	LD C,A
 1885 FA63  67          	LD H,A
 1886 FA64  6A          	LD L,D
 1887 FA65  2D          	DEC L
 1888 FA66  39          	ADD HL,SP
 1889 FA67  E5          	PUSH HL
 1890 FA68  C5          	PUSH BC
 1891                   
 1892 FA69              WHER2:	; findc
 1893 FA69  C5          	PUSH BC
 1894 FA6A  CD FBEB     	CALL CRLF
 1895 FA6D  C1          	POP BC
 1896                   	
 1897 FA6E              WHER3:	; find
 1898 FA6E  E1          	POP HL
 1899 FA6F  DD E1       	POP IX
 1900 FA71  5A          	LD E,D
 1901 FA72  DD 7E 00    	LD A,(IX+0)
 1902 FA75  ED B1       	CPIR
 1903 FA77  E2 FA95     	JP PO,WHER6
 1904                   	
 1905 FA7A  DD E5       	PUSH IX
 1906 FA7C  E5          	PUSH HL
 1907                   	
 1908 FA7D              WHER4:	; found
 1909 FA7D  1D          	DEC E
 1910 FA7E  28 0B       	JR Z,WHER5
 1911                   	
 1912 FA80  DD 7E FF    	LD A,(IX-1)
 1913 FA83  BE          	CP (HL)
 1914 FA84  20 E8       	JR NZ,WHER3
 1915                   	
 1916 FA86  23          	INC HL
 1917 FA87  DD 2B       	DEC IX
 1918 FA89  18 F2       	JR WHER4
 1919                   	
"MC CPM-Computer Mon80V2"       			    Z80ASM 1.32 Page  34
MON80V2 Z80

 1920 FA8B              WHER5:	; tell
 1921 FA8B  E1          	POP HL
 1922 FA8C  E5          	PUSH HL
 1923 FA8D  2B          	DEC HL
 1924 FA8E  C5          	PUSH BC
 1925 FA8F  CD FC4B     	CALL LADR
 1926 FA92  C1          	POP BC
 1927 FA93  18 D4       	JR WHER2
 1928                   
 1929 FA95              WHER6:	; done
 1930 FA95  33          	INC SP
 1931 FA96  1D          	DEC E
 1932 FA97  20 FC       	JR NZ,WHER6
 1933 FA99  C9          	RET
 1934                   
 1935                   ;------------------------------------------------------------------------------
 1936                   ; Monitor command WRITE
 1937                   ; Output Intex Hex to Punch
 1938                   
 1939 FA9A  CD FBE6     WRITE:	CALL EXLF
 1940                   
 1941 FA9D  CD FBB9     WRITE1:	CALL PEOL
 1942 FAA0  01 003A     	LD BC,':'
 1943 FAA3  CD F0C1     	CALL PUNOUT
 1944 FAA6  D5          	PUSH DE
 1945 FAA7  E5          	PUSH HL
 1946                   
 1947 FAA8  04          WRITE2:	INC B
 1948 FAA9  CD FC35     	CALL HILO
 1949 FAAC  38 24       	JR C,WRITE5
 1950                   	
 1951 FAAE  3E 18       	LD A,24
 1952 FAB0  90          	SUB B
 1953 FAB1  20 F5       	JR NZ,WRITE2
 1954                   	
 1955 FAB3  E1          	POP HL
 1956 FAB4  CD FABA     	CALL WRITE3
 1957 FAB7  D1          	POP DE
 1958 FAB8  18 E3       	JR WRITE1
 1959                   	
 1960                   	;----------------------------------------------------------------------
 1961                   
 1962 FABA  57          WRITE3:	LD D,A
 1963 FABB  78          	LD A,B
 1964 FABC  CD FC85     	CALL PBYTE
 1965 FABF  CD FC80     	CALL PADR
 1966 FAC2  AF          	XOR  A
 1967 FAC3  CD FC85     	CALL PBYTE
 1968                   
 1969 FAC6  7E          WRITE4:	LD A,(HL)
 1970 FAC7  CD FC85     	CALL PBYTE
 1971 FACA  23          	INC HL
 1972 FACB  10 F9       	DJNZ WRITE4
 1973                   	
 1974 FACD  AF          	XOR A
 1975 FACE  92          	SUB D
 1976 FACF  C3 FC85     	JP PBYTE
 1977                   
"MC CPM-Computer Mon80V2"       			    Z80ASM 1.32 Page  35
MON80V2 Z80

 1978 FAD2  E1          WRITE5:	POP HL
 1979 FAD3  D1          	POP DE
 1980 FAD4  AF          	XOR  A
 1981 FAD5  18 E3       	JR WRITE3
 1982                   
 1983                   ;------------------------------------------------------------------------------
 1984                   ; Monitor command XAM
 1985                   ; Output and change microcontroller registers
 1986                   
 1987 FAD7  CD FD69     XAM:	CALL TI
 1988 FADA  21 FDFE     	LD HL,ACTBL
 1989 FADD  FE 0D       	CP 0DH
 1990 FADF  28 5A       	JR Z,XAM7
 1991                   	
 1992 FAE1  FE 27       	CP "'"
 1993 FAE3  20 0A       	JR NZ,XAM1
 1994                   
 1995 FAE5  21 FE17     	LD HL,PRMTB
 1996 FAE8  CD FD69     	CALL TI
 1997 FAEB  FE 0D       	CP 0DH
 1998 FAED  28 4C       	JR Z,XAM7
 1999                   	
 2000 FAEF  BE          XAM1:	CP (HL)
 2001 FAF0  28 09       	JR Z,XAM2
 2002                   	
 2003 FAF2  CB 7E       	BIT 7,(HL)
 2004 FAF4  C2 FB8B     	JP NZ,ERROR
 2005                   	
 2006 FAF7  23          	INC HL
 2007 FAF8  23          	INC HL
 2008 FAF9  18 F4       	JR XAM1
 2009                   
 2010 FAFB  CD FBB4     XAM2:	CALL BLK
 2011                   
 2012 FAFE  23          XAM3:	INC HL
 2013 FAFF  7E          	LD A,(HL)
 2014 FB00  47          	LD B,A
 2015 FB01  E6 3F       	AND 3FH
 2016 FB03  EB          	EX DE,HL
 2017 FB04  6F          	LD L,A
 2018 FB05  26 00       	LD H,0
 2019 FB07  39          	ADD HL,SP
 2020 FB08  EB          	EX DE,HL
 2021 FB09  23          	INC HL
 2022 FB0A  1A          	LD A,(DE)
 2023 FB0B  CD FC50     	CALL LBYTE
 2024 FB0E  CB 78       	BIT 7,B
 2025 FB10  28 05       	JR Z,XAM4
 2026                   	
 2027 FB12  1B          	DEC DE
 2028 FB13  1A          	LD A,(DE)
 2029 FB14  CD FC50     	CALL LBYTE
 2030                   
 2031 FB17  CD FC9C     XAM4:	CALL COPCK
 2032 FB1A  D8          	RET C
 2033                   	
 2034 FB1B  28 19       	JR Z,XAM6
 2035                   	
"MC CPM-Computer Mon80V2"       			    Z80ASM 1.32 Page  36
MON80V2 Z80

 2036 FB1D  E5          	PUSH HL
 2037 FB1E  C5          	PUSH BC
 2038 FB1F  CD FC27     	CALL EXF
 2039 FB22  E1          	POP HL
 2040 FB23  F1          	POP AF
 2041 FB24  C5          	PUSH BC
 2042 FB25  F5          	PUSH AF
 2043 FB26  7D          	LD A,L
 2044 FB27  12          	LD (DE),A
 2045 FB28  C1          	POP BC
 2046 FB29  CB 78       	BIT 7,B
 2047 FB2B  28 03       	JR Z,XAM5
 2048                   	
 2049 FB2D  13          	INC DE
 2050 FB2E  7C          	LD A,H
 2051 FB2F  12          	LD (DE),A
 2052                   
 2053 FB30  C1          XAM5:	POP BC
 2054 FB31  E1          	POP HL
 2055 FB32  78          	LD A,B
 2056 FB33  FE 0D       	CP 0DH
 2057 FB35  C8          	RET Z
 2058                   
 2059 FB36  CB 7E       XAM6:	BIT 7,(HL)
 2060 FB38  C0          	RET NZ
 2061 FB39  18 C3       	JR XAM3
 2062                   
 2063 FB3B  CD FBEB     XAM7:	CALL CRLF
 2064                   
 2065 FB3E  CD FBB4     XAM8:	CALL BLK
 2066 FB41  7E          	LD A,(HL)
 2067 FB42  23          	INC HL
 2068 FB43  B7          	OR A
 2069 FB44  F8          	RET M
 2070 FB45  4F          	LD C,A
 2071 FB46  CD F0AD     	CALL CONOUT
 2072 FB49  0E 3D       	LD C,"="
 2073 FB4B  CD F0AD     	CALL CONOUT
 2074 FB4E  7E          	LD A,(HL)
 2075 FB4F  47          	LD B,A
 2076 FB50  E6 3F       	AND 3FH
 2077 FB52  23          	INC HL
 2078 FB53  EB          	EX DE,HL
 2079 FB54  6F          	LD L,A
 2080 FB55  26 00       	LD H,0
 2081 FB57  39          	ADD HL,SP
 2082 FB58  EB          	EX DE,HL
 2083 FB59  CB 70       	BIT 6,B
 2084 FB5B  20 0F       	JR NZ,XAM10
 2085                   
 2086 FB5D  1A          	LD A,(DE)
 2087 FB5E  CD FC50     	CALL LBYTE
 2088 FB61  CB 78       	BIT 7,B
 2089 FB63  28 D9       	JR Z,XAM8
 2090                   
 2091 FB65  1B          	DEC DE
 2092 FB66  1A          	LD A,(DE)
 2093                   
"MC CPM-Computer Mon80V2"       			    Z80ASM 1.32 Page  37
MON80V2 Z80

 2094 FB67  CD FC50     XAM9:	CALL LBYTE
 2095 FB6A  18 D2       	JR XAM8
 2096                   
 2097 FB6C  E5          XAM10:	PUSH HL
 2098 FB6D  1A          	LD A,(DE)
 2099 FB6E  67          	LD H,A
 2100 FB6F  1B          	DEC DE
 2101 FB70  1A          	LD A,(DE)
 2102 FB71  6F          	LD L,A
 2103 FB72  7E          	LD A,(HL)
 2104 FB73  E1          	POP HL
 2105 FB74  18 F1       	JR XAM9
 2106                   	
 2107                   ;------------------------------------------------------------------------------
 2108                   ; Monitor message output routine
 2109                   ; Address in HL
 2110                   ; Length in B
 2111                   
 2112 FB76  21 F606     TOM1:	LD HL,MSG
 2113                   
 2114 FB79  4E          TOM:	LD C,(HL)
 2115 FB7A  23          	INC HL
 2116 FB7B  CD F0AD     	CALL CONOUT
 2117 FB7E  10 F9       	DJNZ TOM
 2118 FB80  CD F0EF     	CALL CONSTS
 2119 FB83  B7          	OR A
 2120 FB84  C8          	RET Z
 2121                   
 2122                   ; IF CTRL C ABORT
 2123                   
 2124 FB85  CD FD63     CCHK:	CALL CONIN7
 2125 FB88  FE 03       	CP 3
 2126 FB8A  C0          	RET NZ
 2127                   
 2128                   ;------------------------------------------------------------------------------
 2129                   ; ERROR
 2130                   
 2131 FB8B  CD F118     ERROR:	CALL MEMSIZ
 2132 FB8E  11 FFEA     	LD DE,-22
 2133 FB91  19          	ADD HL,DE
 2134 FB92  F9          	LD SP,HL
 2135 FB93  0E 07       	LD C,7
 2136 FB95  CD F0AD     	CALL CONOUT
 2137 FB98  0E 2A       	LD C,'*'
 2138 FB9A  CD F0AD     	CALL CONOUT
 2139 FB9D  C3 F6FB     	JP WARM
 2140                   
 2141                   ;------------------------------------------------------------------------------
 2142                   ; Reader Input
 2143                   ; abort on carry
 2144                   ; compare with D
 2145                   
 2146 FBA0  CD F097     RIFF:	CALL READIN
 2147 FBA3  38 E6       	JR C,ERROR
 2148 FBA5  BA          	CP D
 2149 FBA6  C9          	RET
 2150                   
 2151                   ;------------------------------------------------------------------------------
"MC CPM-Computer Mon80V2"       			    Z80ASM 1.32 Page  38
MON80V2 Z80

 2152                   ; Monitor command SIZE
 2153                   ; Output size of memory
 2154                   
 2155 FBA7  CD F118     SIZE:	CALL MEMSIZ
 2156 FBAA  01 0023     	LD BC,ENDX-EXIT
 2157 FBAD  09          	ADD HL,BC
 2158                   
 2159 FBAE  CD FBEB     LFADR:	CALL CRLF
 2160                   
 2161 FBB1  CD FC4B     HLSP:	CALL LADR
 2162                   
 2163 FBB4  0E 20       BLK:	LD C,' '
 2164 FBB6  C3 F0AD     	JP CONOUT
 2165                   
 2166                   ;------------------------------------------------------------------------------
 2167                   ; Punch EOL
 2168                   
 2169 FBB9  0E 0D       PEOL:	LD C,0DH
 2170 FBBB  CD F0C1     	CALL PUNOUT
 2171 FBBE  0E 0A       	LD C,0AH
 2172 FBC0  C3 F0C1     	JP PUNOUT
 2173                   
 2174                   ;------------------------------------------------------------------------------
 2175                   ; Monitor command UNLOAD
 2176                   ; Ausgabe eines Speicherbereichs binaer ueber Punch
 2177                   
 2178 FBC3  CD FBE6     UNLOAD:	CALL EXLF
 2179 FBC6  CD FC64     	CALL LEAD
 2180 FBC9  CD FC5F     	CALL MARK
 2181                   
 2182 FBCC  4E          UNLOD1:	LD C,(HL)
 2183 FBCD  CD F0C1     	CALL PUNOUT
 2184 FBD0  CD FC35     	CALL HILO
 2185 FBD3  30 F7       	JR NC,UNLOD1
 2186                   	
 2187 FBD5  CD FC5F     	CALL MARK
 2188                   
 2189                   ;------------------------------------------------------------------------------
 2190                   ; Monitor command NULL
 2191                   ; NULL PUNCH
 2192                   ;
 2193 FBD8  CD FC64     NULL:	CALL LEAD
 2194 FBDB  C9          	RET
 2195                   
 2196                   ;------------------------------------------------------------------------------
 2197                   
 2198 FBDC  E6 0F       CONV:	AND 0FH
 2199 FBDE  C6 90       	ADD A,90H
 2200 FBE0  27          	DAA 
 2201 FBE1  CE 40       	ADC A,40H
 2202 FBE3  27          	DAA
 2203 FBE4  4F          	LD C,A 	;HEX TO ASC
 2204 FBE5  C9          	RET
 2205                   
 2206                   ;------------------------------------------------------------------------------
 2207                   
 2208 FBE6  CD FC02     EXLF:	CALL EXPR
 2209 FBE9  D1          	POP DE
"MC CPM-Computer Mon80V2"       			    Z80ASM 1.32 Page  39
MON80V2 Z80

 2210 FBEA  E1          	POP HL
 2211                   
 2212                   ;------------------------------------------------------------------------------
 2213                   
 2214 FBEB  E5          CRLF:	PUSH HL
 2215 FBEC  F5          	push AF
 2216 FBED  06 02       	LD B,2
 2217 FBEF  CD FB76     	CALL TOM1
 2218 FBF2  F1          	POP AF
 2219 FBF3  E1          	POP HL
 2220 FBF4  C9          	RET
 2221                   
 2222                   ;------------------------------------------------------------------------------
 2223                   ; Eingabe von Hex-Wertes von der Console
 2224                   
 2225 FBF5  0C          EXPR3:	INC C
 2226 FBF6  CD FC02     	CALL EXPR
 2227 FBF9  CD FBEB     	CALL CRLF
 2228 FBFC  C1          	POP BC
 2229 FBFD  D1          	POP DE
 2230 FBFE  E1          	POP HL
 2231 FBFF  C9          	RET
 2232                   
 2233                   ;------------------------------------------------------------------------------
 2234                   
 2235 FC00  0E 01       EXPR1:	LD C,1
 2236                   
 2237 FC02  21 0000     EXPR:	LD HL,0
 2238                   
 2239 FC05  CD FD69     EX0:	CALL TI
 2240                   
 2241 FC08  47          EX1:	LD B,A
 2242 FC09  CD FC70     	CALL NIBBLE
 2243 FC0C  38 08       	JR C,LXEX2
 2244 FC0E  29          	ADD HL,HL
 2245 FC0F  29          	ADD HL,HL
 2246 FC10  29          	ADD HL,HL
 2247 FC11  29          	ADD HL,HL
 2248 FC12  B5          	OR L
 2249 FC13  6F          	LD L,A
 2250 FC14  18 EF       	JR EX0
 2251                   
 2252 FC16  E3          LXEX2:	EX (SP),HL
 2253 FC17  E5          	PUSH HL
 2254 FC18  78          	LD A,B
 2255 FC19  CD FCA4     	CALL QCHK
 2256 FC1C  30 02       	JR NC,LXEX3
 2257 FC1E  0D          	DEC  C
 2258 FC1F  C8          	RET Z
 2259                   
 2260 FC20  C2 FB8B     LXEX3:	JP NZ,ERROR
 2261 FC23  0D          	DEC C
 2262 FC24  20 DC       	JR NZ,EXPR
 2263 FC26  C9          	RET
 2264                   
 2265 FC27  0E 01       EXF:	LD C,1
 2266 FC29  21 0000     	LD HL,0
 2267 FC2C  C3 FC08     	JP EX1
"MC CPM-Computer Mon80V2"       			    Z80ASM 1.32 Page  40
MON80V2 Z80

 2268                   
 2269                   ;------------------------------------------------------------------------------
 2270                   
 2271 FC2F  CD FC35     HILOX:	CALL HILO
 2272 FC32  D0          	RET NC
 2273                   
 2274 FC33  D1          	POP DE
 2275 FC34  C9          	RET
 2276                   
 2277                   ;------------------------------------------------------------------------------
 2278                   
 2279 FC35  23          HILO:	INC HL
 2280 FC36  7C          	LD A,H
 2281 FC37  B5          	OR L
 2282 FC38  37          	SCF
 2283 FC39  C8          	RET Z
 2284                   	
 2285 FC3A  7B          	LD A,E
 2286 FC3B  95          	SUB L
 2287 FC3C  7A          	LD  A,D
 2288 FC3D  9C          	SBC A,H
 2289 FC3E  C9          	RET
 2290                   
 2291                   ;------------------------------------------------------------------------------
 2292                   ; Monitor command HEXN
 2293                   ; HEX MATH
 2294                   
 2295 FC3F  CD FBE6     HEXN:	CALL EXLF
 2296 FC42  E5          	PUSH HL
 2297 FC43  19          	ADD HL,DE
 2298 FC44  CD FBB1     	CALL HLSP
 2299 FC47  E1          	POP HL
 2300 FC48  B7          	OR   A
 2301 FC49  ED 52       	SBC HL,DE
 2302                   	
 2303                   	; Entry
 2304                   	
 2305 FC4B  7C          LADR:	LD A,H
 2306 FC4C  CD FC50     	CALL LBYTE
 2307 FC4F  7D          	LD A,L
 2308                   
 2309 FC50  F5          LBYTE:	PUSH AF
 2310 FC51  0F          	RRCA
 2311 FC52  0F          	RRCA
 2312 FC53  0F          	RRCA
 2313 FC54  0F          	RRCA
 2314 FC55  CD FC59     	CALL LXR22
 2315 FC58  F1          	POP AF
 2316                   
 2317 FC59  CD FBDC     LXR22:	CALL CONV
 2318 FC5C  C3 F0AD     	JP CONOUT
 2319                   
 2320                   ;------------------------------------------------------------------------------
 2321                   
 2322 FC5F  01 08FF     MARK:	LD BC,8FFH
 2323 FC62  18 03       	JR LEO
 2324                   
 2325                   ;------------------------------------------------------------------------------
"MC CPM-Computer Mon80V2"       			    Z80ASM 1.32 Page  41
MON80V2 Z80

 2326                   
 2327 FC64  01 4800     LEAD:	LD BC,4800H
 2328                   
 2329 FC67  CD F0C1     LEO:	CALL PUNOUT
 2330 FC6A  10 FB       	DJNZ  LEO
 2331 FC6C  C9          	RET
 2332                   
 2333                   ;------------------------------------------------------------------------------
 2334                   
 2335 FC6D  CD FCB0     RIBBLE:	CALL RIX
 2336                   
 2337 FC70  D6 30       NIBBLE:	SUB '0'
 2338 FC72  D8          	RET C
 2339 FC73  FE 17       	CP 'G'-'0'
 2340 FC75  3F          	CCF
 2341 FC76  D8          	RET C
 2342 FC77  FE 0A       	CP 10
 2343 FC79  3F          	CCF
 2344 FC7A  D0          	RET NC
 2345 FC7B  D6 07       	SUB 'A'-'9'-1
 2346 FC7D  FE 0A       	CP 0AH
 2347 FC7F  C9          	RET
 2348                   	
 2349                   ;------------------------------------------------------------------------------
 2350                   
 2351 FC80  7C          PADR:	LD A,H
 2352 FC81  CD FC85     	CALL PBYTE
 2353 FC84  7D          	LD A,L
 2354                   
 2355 FC85  F5          PBYTE:	PUSH AF
 2356 FC86  0F          	RRCA
 2357 FC87  0F          	RRCA
 2358 FC88  0F          	RRCA
 2359 FC89  0F          	RRCA
 2360 FC8A  CD FBDC     	CALL CONV
 2361 FC8D  CD F0C1     	CALL PUNOUT
 2362 FC90  F1          	POP AF
 2363 FC91  F5          	PUSH AF
 2364 FC92  CD FBDC     	CALL CONV
 2365 FC95  CD F0C1     	CALL PUNOUT
 2366 FC98  F1          	POP AF
 2367 FC99  82          	ADD A,D
 2368 FC9A  57          	LD D,A
 2369 FC9B  C9          	RET
 2370                   
 2371                   ;------------------------------------------------------------------------------
 2372                   
 2373 FC9C  0E 2D       COPCK:	LD C,'-'
 2374 FC9E  CD F0AD     	CALL CONOUT
 2375                   
 2376 FCA1  CD FD69     PCHK:	CALL TI
 2377                   
 2378 FCA4  FE 20       QCHK:	CP ' '
 2379 FCA6  C8          	RET Z
 2380 FCA7  FE 2C       	CP ','
 2381 FCA9  C8          	RET Z
 2382 FCAA  FE 0D       	CP 0DH
 2383 FCAC  37          	SCF
"MC CPM-Computer Mon80V2"       			    Z80ASM 1.32 Page  42
MON80V2 Z80

 2384 FCAD  C8          	RET Z
 2385 FCAE  3F          	CCF
 2386 FCAF  C9          	RET
 2387                   	
 2388                   ;------------------------------------------------------------------------------
 2389                   
 2390 FCB0  CD FBA0     RIX:	CALL RIFF	; Reader input
 2391 FCB3  E6 7F       	AND 7FH
 2392 FCB5  C9          	RET
 2393                   
 2394                   ;------------------------------------------------------------------------------
 2395                   ; Monitor command LOAD
 2396                   ; Laden von Binaerdaten 
 2397                   ; Startkennung ist eine Gruppe von 0FFh-Werten
 2398                   
 2399 FCB6  CD FC00     LOAD:	CALL EXPR1
 2400 FCB9  E1          	POP HL
 2401 FCBA  CD FBEB     	CALL CRLF
 2402 FCBD  16 FF       	LD D,0FFH
 2403                   
 2404 FCBF  06 04       LOAD1:	LD B,4
 2405                   
 2406 FCC1  CD FBA0     LOAD2:	CALL RIFF	; Reader input
 2407 FCC4  20 F9       	JR NZ,LOAD1
 2408                   	
 2409 FCC6  10 F9       	DJNZ LOAD2
 2410                   	
 2411 FCC8  CD FBA0     LOAD3:	CALL RIFF	; Reader input
 2412 FCCB  28 FB       	JR Z,LOAD3
 2413                   	
 2414 FCCD  77          	LD (HL),A
 2415 FCCE  3E 07       	LD A,7
 2416                   	
 2417                   ;+++ OUT TTY +++
 2418 FCD0  23          LOAD4:	INC HL
 2419 FCD1  CD FBA0     	CALL RIFF
 2420 FCD4  28 03       	JR Z,LOAD5
 2421                   	
 2422 FCD6  77          	LD (HL),A
 2423 FCD7  18 F7       	JR LOAD4
 2424                   
 2425 FCD9  1E 01       LOAD5:	LD E,1
 2426                   
 2427 FCDB  CD FBA0     LOAD6:	CALL RIFF	; Reader input
 2428 FCDE  20 09       	JR NZ,LOAD7
 2429                   	
 2430 FCE0  1C          	INC E
 2431 FCE1  3E 07       	LD A,7 		; MAX +++
 2432 FCE3  BB          	CP E
 2433 FCE4  20 F5       	JR NZ,LOAD6
 2434 FCE6  C3 FC4B     	JP LADR
 2435                   
 2436 FCE9  72          LOAD7:	LD (HL),D
 2437 FCEA  23          	INC HL
 2438 FCEB  1D          	DEC  E
 2439 FCEC  20 FB       	JR NZ,LOAD7
 2440                   	
 2441 FCEE  77          	LD (HL),A
"MC CPM-Computer Mon80V2"       			    Z80ASM 1.32 Page  43
MON80V2 Z80

 2442 FCEF  18 DF       	JR  LOAD4
 2443                   
 2444                   ; -----------------------------------------------------------------------------
 2445                   ; Entry after Break-Point
 2446                   
 2447 FCF1  E5          RSTRTB:	PUSH HL
 2448 FCF2  D5          	PUSH DE
 2449 FCF3  C5          	PUSH BC
 2450 FCF4  F5          	PUSH AF
 2451 FCF5  CD F118     	CALL MEMSIZ
 2452 FCF8  EB          	EX DE,HL
 2453 FCF9  21 000A     	LD HL,10
 2454 FCFC  39          	ADD HL,SP
 2455 FCFD  06 04       	LD B,4
 2456 FCFF  EB          	EX DE,HL
 2457                   
 2458 FD00  2B          RSTRT2:	DEC HL
 2459 FD01  72          	LD (HL),D
 2460 FD02  2B          	DEC HL
 2461 FD03  73          	LD (HL),E
 2462 FD04  D1          	POP DE
 2463 FD05  10 F9       	DJNZ RSTRT2
 2464                   	
 2465 FD07  C1          	POP BC
 2466 FD08  0B          	DEC BC
 2467 FD09  F9          	LD SP,HL
 2468 FD0A  21 0025     	LD HL,TLOCX
 2469 FD0D  39          	ADD HL,SP
 2470 FD0E  7E          	LD A,(HL)
 2471 FD0F  91          	SUB C
 2472 FD10  23          	INC HL
 2473 FD11  20 04       	JR NZ,RSTRT3
 2474                   	
 2475 FD13  7E          	LD A,(HL)
 2476 FD14  90          	SUB B
 2477 FD15  28 0C       	JR Z,RSTRT5
 2478                   
 2479 FD17  23          RSTRT3:	INC HL
 2480 FD18  23          	INC HL
 2481 FD19  7E          	LD  A,(HL)
 2482 FD1A  91          	SUB C
 2483 FD1B  20 05       	JR NZ,RSTRT4
 2484                   	
 2485 FD1D  23          	INC HL
 2486 FD1E  7E          	LD  A,(HL)
 2487 FD1F  90          	SUB B
 2488 FD20  28 01       	JR Z,RSTRT5
 2489                   
 2490 FD22  03          RSTRT4:	INC BC
 2491                   
 2492 FD23  21 0020     RSTRT5:	LD HL,LLOCX
 2493 FD26  39          	ADD HL,SP
 2494 FD27  73          	LD (HL),E
 2495 FD28  23          	INC HL
 2496 FD29  72          	LD (HL),D
 2497 FD2A  23          	INC HL
 2498 FD2B  23          	INC HL
 2499 FD2C  71          	LD (HL),C
"MC CPM-Computer Mon80V2"       			    Z80ASM 1.32 Page  44
MON80V2 Z80

 2500 FD2D  23          	INC HL
 2501 FD2E  70          	LD (HL),B
 2502 FD2F  C5          	PUSH BC
 2503 FD30  0E 40       	LD C,'@'
 2504 FD32  CD F0AD     	CALL CONOUT
 2505 FD35  E1          	POP HL
 2506 FD36  CD FC4B     	CALL LADR
 2507 FD39  21 0025     	LD HL,TLOCX
 2508 FD3C  39          	ADD HL,SP
 2509 FD3D  01 0200     	LD BC,200H
 2510                   
 2511 FD40  5E          RSTRT6:	LD E,(HL)
 2512 FD41  71          	LD (HL),C
 2513 FD42  23          	INC HL
 2514 FD43  56          	LD D,(HL)
 2515 FD44  71          	LD (HL),C
 2516 FD45  23          	INC HL
 2517 FD46  7B          	LD A,E
 2518 FD47  B2          	OR D
 2519 FD48  28 02       	JR Z,RSTRT7
 2520 FD4A  7E          	LD A,(HL)
 2521 FD4B  12          	LD (DE),A
 2522                   
 2523 FD4C  23          RSTRT7:	INC HL
 2524 FD4D  10 F1       	DJNZ RSTRT6
 2525 FD4F  08          	EX AF,AF'
 2526 FD50  D9          	EXX
 2527 FD51  E5          	PUSH HL
 2528 FD52  D5          	PUSH DE
 2529 FD53  C5          	PUSH BC
 2530 FD54  F5          	PUSH AF
 2531 FD55  DD E5       	PUSH IX
 2532 FD57  FD E5       	PUSH IY
 2533 FD59  ED 57       	LD A,I
 2534 FD5B  47          	LD B,A
 2535 FD5C  ED 5F       	LD A,R
 2536 FD5E  4F          	LD C,A
 2537 FD5F  C5          	PUSH BC
 2538 FD60  C3 F6FB     	JP WARM
 2539                   
 2540                   ;------------------------------------------------------------------------------
 2541                   ; Console Inputs, 7 Bits
 2542                   
 2543 FD63  CD F084     CONIN7:	CALL CONIN
 2544 FD66  E6 7F       	AND 7FH
 2545 FD68  C9          	RET
 2546                   
 2547                   ;------------------------------------------------------------------------------
 2548                   ; ???
 2549                   
 2550 FD69  CD FD63     TI:	CALL CONIN7
 2551 FD6C  C8          	RET Z
 2552                   	
 2553 FD6D  3C          	INC A
 2554 FD6E  F8          	RET M		; return if minus, char >= 7Fh
 2555                   	
 2556 FD6F  3D          	DEC A
 2557 FD70  FE 0D       	CP 0DH
"MC CPM-Computer Mon80V2"       			    Z80ASM 1.32 Page  45
MON80V2 Z80

 2558 FD72  C8          	RET Z		; char = CR
 2559                   	
 2560 FD73  FE 4E       	CP 'N'
 2561 FD75  C8          	RET Z		; char = 'N'
 2562                   	
 2563 FD76  FE 6E       	CP 'n'
 2564 FD78  28 0D       	JR Z,TI1	; char = 'n'
 2565                   	
 2566 FD7A  C5          	PUSH BC
 2567 FD7B  4F          	LD C,A
 2568 FD7C  CD F0AD     	CALL CONOUT	; echo
 2569 FD7F  79          	LD A,C
 2570 FD80  C1          	POP BC
 2571 FD81  FE 40       	CP 'A'-1
 2572 FD83  D8          	RET C
 2573                   	
 2574 FD84  FE 7B       	CP 'z'+1
 2575 FD86  D0          	RET NC
 2576                   	
 2577 FD87  E6 5F       TI1:	AND 05FH
 2578 FD89  C9          	RET
 2579                   
 2580                   ;------------------------------------------------------------------------------
 2581                   ; Monitor command QUERY
 2582                   ; Ein-und Ausgabe auf Ports
 2583                   
 2584 FD8A  CD FD69     QUERY:	CALL TI
 2585 FD8D  FE 4F       	CP 'O'
 2586 FD8F  28 1C       	JR Z,BITS2
 2587                   	
 2588 FD91  FE 49       	CP 'I'
 2589 FD93  C2 FB8B     	JP NZ,ERROR
 2590                   	
 2591 FD96  CD FC00     	CALL EXPR1
 2592 FD99  C1          	POP BC
 2593 FD9A  ED 58       	IN E,(C)
 2594                   
 2595                   	;----------------------------------------------------------------------
 2596                   	; Einsprung BITS
 2597                   	
 2598 FD9C  06 08       BITS:	LD B,8
 2599 FD9E  CD FBB4     	CALL BLK
 2600                   
 2601 FDA1  CB 23       BITS1:	SLA E
 2602 FDA3  3E 18       	LD A,'0' SHR 1
 2603 FDA5  8F          	ADC A,A
 2604 FDA6  4F          	LD C,A
 2605 FDA7  CD F0AD     	CALL CONOUT
 2606 FDAA  10 F5       	DJNZ BITS1
 2607 FDAC  C9          	RET
 2608                   
 2609 FDAD  CD FC02     BITS2:	CALL EXPR
 2610 FDB0  D1          	POP DE
 2611 FDB1  C1          	POP BC
 2612 FDB2  ED 59       	OUT (C),E
 2613 FDB4  C9          	RET
 2614                   
 2615                   ;------------------------------------------------------------------------------
"MC CPM-Computer Mon80V2"       			    Z80ASM 1.32 Page  46
MON80V2 Z80

 2616                   ; Monitor command VERFIY
 2617                   ; Vergleich von Speicherbereichen
 2618                    
 2619 FDB5  CD FBF5     VERIFY:	CALL EXPR3
 2620                   
 2621 FDB8  0A          VERIF1:	LD A,(BC)
 2622 FDB9  BE          	CP (HL)
 2623 FDBA  28 05       	JR Z,VERIF2
 2624                   	
 2625 FDBC  C5          	PUSH BC
 2626 FDBD  CD F887     	CALL CERR
 2627 FDC0  C1          	POP BC
 2628                   
 2629 FDC1  03          VERIF2:	INC BC
 2630 FDC2  CD FC2F     	CALL HILOX
 2631 FDC5  18 F1       	JR VERIF1
 2632                   
 2633                   ;------------------------------------------------------------------------------
 2634                   ; IO lookup table (for ASSIGN command)
 2635                   
 2636 FDC7  43          LTBL:	DEFB 'C'	; console
 2637 FDC8  54          	DEFB 'T'	; tty
 2638 FDC9  56          	DEFB 'V'	; video
 2639 FDCA  42          	DEFB 'B'	; batch
 2640 FDCB  55          	DEFB 'U'	; user
 2641                   
 2642 FDCC  52          	DEFB 'R'	; reader
 2643 FDCD  54          	DEFB 'T'	; tty
 2644 FDCE  50          	DEFB 'P'	; punch-read
 2645 FDCF  43          	DEFB 'C'	; cassette
 2646 FDD0  55          	DEFB 'U'	; user
 2647                   
 2648 FDD1  50          	DEFB 'P'	; punch
 2649 FDD2  54          	DEFB 'T'	; tty
 2650 FDD3  50          	DEFB 'P'	; punch.read
 2651 FDD4  43          	DEFB 'C'	; cassette
 2652 FDD5  55          	DEFB 'U'	; user
 2653                   
 2654 FDD6  4C          	DEFB 'L'	; list
 2655 FDD7  54          	DEFB 'T'	; tty
 2656 FDD8  56          	DEFB 'V'	; video
 2657 FDD9  4C          	DEFB 'L'	; list
 2658 FDDA  55          	DEFB 'U'	; user
 2659                   
 2660                   ;------------------------------------------------------------------------------
 2661                   
 2662 FDDB  C1          EXIT:	POP BC
 2663 FDDC  79          	LD A,C
 2664 FDDD  ED 4F       	LD R,A
 2665 FDDF  78          	LD A,B
 2666 FDE0  ED 47       	LD I,A
 2667 FDE2  FD E1       	POP IY
 2668 FDE4  DD E1       	POP IX
 2669 FDE6  F1          	POP AF
 2670 FDE7  C1          	POP BC
 2671 FDE8  D1          	POP DE
 2672 FDE9  E1          	POP HL
 2673 FDEA  08          	EX AF,AF'
"MC CPM-Computer Mon80V2"       			    Z80ASM 1.32 Page  47
MON80V2 Z80

 2674 FDEB  D9          	EXX
 2675 FDEC  D1          	POP DE
 2676 FDED  C1          	POP BC
 2677 FDEE  F1          	POP AF
 2678 FDEF  E1          	POP HL
 2679 FDF0  F9          	LD SP,HL
 2680 FDF1  00          	NOP
 2681 FDF2  21 0000     	LD HL,0
 2682 FDF5  C3 0000     	JP 0
 2683                   
 2684                   ;------------------------------------------------------------------------------
 2685                   
 2686 FDF8  0000        	DEFW 0
 2687 FDFA  00          	DEFB 0
 2688 FDFB  0000        	DEFW 0
 2689 FDFD  00          	DEFB 0  	;TRAP AREA
 2690                   
 2691 FDFE              ENDX:
 2692                   
 2693         0015      ALOC	EQU 15H
 2694         0013      BLOC	EQU 13H
 2695         0012      CLOC	EQU 12H
 2696         0011      DLOC	EQU 11H
 2697         0010      ELOC	EQU 10H
 2698         0014      FLOC	EQU 14H
 2699         0031      HLOC	EQU 31H
 2700         0030      LLOC	EQU 30H
 2701         0034      PLOC	EQU 34H
 2702         0017      SLOC	EQU 17H
 2703         0035      TLOC	EQU 35H
 2704         0025      TLOCX	EQU 25H
 2705         0020      LLOCX	EQU 20H
 2706                   
 2707         0009      APLOC	EQU 9
 2708         000B      BPLOC	EQU 0BH
 2709         000A      CPLOC	EQU 0AH
 2710         000D      DPLOC	EQU 0DH
 2711         000C      EPLOC	EQU 0CH
 2712         0008      FPLOC	EQU 8
 2713         000F      HPLOC	EQU 0FH
 2714         000E      LPLOC	EQU 0EH
 2715         0007      XLOC	EQU 7
 2716         0005      YLOC	EQU 5
 2717         0002      RLOC	EQU 2
 2718         0003      ILOC	EQU 3
 2719                   
 2720                   ;------------------------------------------------------------------------------
 2721                   ; TABELLE
 2722                   
 2723 FDFE  41 15       ACTBL:	DEFB 'A',ALOC OR 0
 2724 FE00  42 13       	DEFB 'B',BLOC OR 0
 2725 FE02  43 12       	DEFB 'C',CLOC OR 0
 2726 FE04  44 11       	DEFB 'D',DLOC OR 0
 2727 FE06  45 10       	DEFB 'E',ELOC OR 0
 2728 FE08  46 14       	DEFB 'F',FLOC OR 0
 2729 FE0A  48 31       	DEFB 'H',HLOC OR 0
 2730 FE0C  4C 30       	DEFB 'L',LLOC OR 0
 2731 FE0E  4D F1       	DEFB 'M',HLOC OR 0C0H
"MC CPM-Computer Mon80V2"       			    Z80ASM 1.32 Page  48
MON80V2 Z80

 2732 FE10  50 B4       	DEFB 'P',PLOC OR 080H
 2733 FE12  53 97       	DEFB 'S',SLOC OR 080H
 2734 FE14  49 03       	DEFB 'I',ILOC OR 0
 2735 FE16  C1          	DEFB 0C1H
 2736                   
 2737 FE17  41 09       PRMTB:	DEFB 'A',APLOC OR 0
 2738 FE19  42 0B       	DEFB 'B',BPLOC OR 0
 2739 FE1B  43 0A       	DEFB 'C',CPLOC OR 0
 2740 FE1D  44 0D       	DEFB 'D',DPLOC OR 0
 2741 FE1F  45 0C       	DEFB 'E',EPLOC OR 0
 2742 FE21  46 08       	DEFB 'F',FPLOC OR 0
 2743 FE23  48 0F       	DEFB 'H',HPLOC OR 0
 2744 FE25  4C 0E       	DEFB 'L',LPLOC OR 0
 2745 FE27  4D CF       	DEFB 'M',HPLOC OR 0C0H
 2746 FE29  58 87       	DEFB 'X',XLOC  OR 080H
 2747 FE2B  59 85       	DEFB 'Y',YLOC  OR 080H
 2748 FE2D  52 02       	DEFB 'R',RLOC  OR 0
 2749 FE2F  C1          	DEFB 0C1H
 2750                   
 2751 FE30              LASTMON:
 2752 FE30  00          	DEFB 0 	; LAST STORAGE
 2753                   
 2754                   	.DEPHASE
 2755                   
 2756                   	END 
 0 Error(s) Detected.
 3662 Absolute Bytes. 355 Symbols Detected.
',SLOC OR 080H
 2734 FE14  49 03       	